Longitud Secuencia,Model,Cohorte,Métrica,Con POG,Sin POG,Δ Abs,Δ %
1. Cortas (<= 175),CASER,PASS (N=1),MAP,0.1500,0.1500,+0.0000,+0.00%
1. Cortas (<= 175),CASER,PASS (N=1),NDCG,0.3149,0.3149,+0.0000,+0.00%
1. Cortas (<= 175),CASER,PASS (N=1),MRR,1.0000,1.0000,+0.0000,+0.00%
1. Cortas (<= 175),CASER,FAIL (N=14),Δ COVERAGE ↑,0.01639,0.01639,+0.00000,+0.00%
1. Cortas (<= 175),CASER,FAIL (N=14),Δ BACKWARD ↓,-0.00682,-0.00680,-0.00002,-0.34%
1. Cortas (<= 175),CASER,FAIL (N=14),Δ REPEAT ↓,0.00054,0.00038,+0.00016,+42.50%
1. Cortas (<= 175),CASER,FAIL (N=14),Δ FRAC ALLOWED ↑,-0.01244,-0.01266,+0.00022,+1.73%
1. Cortas (<= 175),CASER,FAIL (N=14),Δ NOVELTY ↑,0.03958,0.04118,-0.00160,-3.88%
1. Cortas (<= 175),SASREC,PASS (N=1),MAP,0.1500,0.1929,-0.0429,-22.22%
1. Cortas (<= 175),SASREC,PASS (N=1),NDCG,0.3149,0.3882,-0.0734,-18.90%
1. Cortas (<= 175),SASREC,PASS (N=1),MRR,1.0000,1.0000,+0.0000,+0.00%
1. Cortas (<= 175),SASREC,FAIL (N=14),Δ COVERAGE ↑,0.01639,0.01639,+0.00000,+0.00%
1. Cortas (<= 175),SASREC,FAIL (N=14),Δ BACKWARD ↓,-0.00709,-0.00701,-0.00009,-1.23%
1. Cortas (<= 175),SASREC,FAIL (N=14),Δ REPEAT ↓,0.00042,0.00033,+0.00009,+29.04%
1. Cortas (<= 175),SASREC,FAIL (N=14),Δ FRAC ALLOWED ↑,-0.01200,-0.01227,+0.00027,+2.23%
1. Cortas (<= 175),SASREC,FAIL (N=14),Δ NOVELTY ↑,0.04096,0.04488,-0.00391,-8.72%
1. Cortas (<= 175),GRUREC,PASS (N=1),MAP,0.1250,0.1400,-0.0150,-10.71%
1. Cortas (<= 175),GRUREC,PASS (N=1),NDCG,0.2895,0.3052,-0.0157,-5.15%
1. Cortas (<= 175),GRUREC,PASS (N=1),MRR,1.0000,1.0000,+0.0000,+0.00%
1. Cortas (<= 175),GRUREC,FAIL (N=14),Δ COVERAGE ↑,0.01639,0.01639,+0.00000,+0.00%
1. Cortas (<= 175),GRUREC,FAIL (N=14),Δ BACKWARD ↓,-0.00702,-0.00678,-0.00024,-3.61%
1. Cortas (<= 175),GRUREC,FAIL (N=14),Δ REPEAT ↓,0.00049,0.00057,-0.00008,-14.65%
1. Cortas (<= 175),GRUREC,FAIL (N=14),Δ FRAC ALLOWED ↑,-0.01194,-0.01190,-0.00004,-0.33%
1. Cortas (<= 175),GRUREC,FAIL (N=14),Δ NOVELTY ↑,0.04259,0.03912,+0.00347,+8.86%
2. Medias (176 - 260),CASER,PASS (N=6),MAP,0.2156,0.2128,+0.0028,+1.31%
2. Medias (176 - 260),CASER,PASS (N=6),NDCG,0.3697,0.3602,+0.0095,+2.63%
2. Medias (176 - 260),CASER,PASS (N=6),MRR,0.6250,0.6306,-0.0056,-0.88%
2. Medias (176 - 260),CASER,FAIL (N=9),Δ COVERAGE ↑,0.01639,0.01639,+0.00000,+0.00%
2. Medias (176 - 260),CASER,FAIL (N=9),Δ BACKWARD ↓,-0.00373,-0.00371,-0.00002,-0.58%
2. Medias (176 - 260),CASER,FAIL (N=9),Δ REPEAT ↓,0.00034,0.00020,+0.00014,+67.79%
2. Medias (176 - 260),CASER,FAIL (N=9),Δ FRAC ALLOWED ↑,-0.00605,-0.00599,-0.00006,-0.92%
2. Medias (176 - 260),CASER,FAIL (N=9),Δ NOVELTY ↑,0.04496,0.04099,+0.00398,+9.70%
2. Medias (176 - 260),SASREC,PASS (N=6),MAP,0.1922,0.2024,-0.0102,-5.04%
2. Medias (176 - 260),SASREC,PASS (N=6),NDCG,0.3537,0.3637,-0.0100,-2.75%
2. Medias (176 - 260),SASREC,PASS (N=6),MRR,0.6528,0.7238,-0.0710,-9.81%
2. Medias (176 - 260),SASREC,FAIL (N=9),Δ COVERAGE ↑,0.01639,0.01639,+0.00000,+0.00%
2. Medias (176 - 260),SASREC,FAIL (N=9),Δ BACKWARD ↓,-0.00369,-0.00357,-0.00012,-3.29%
2. Medias (176 - 260),SASREC,FAIL (N=9),Δ REPEAT ↓,0.00019,0.00019,+0.00000,+0.61%
2. Medias (176 - 260),SASREC,FAIL (N=9),Δ FRAC ALLOWED ↑,-0.00601,-0.00595,-0.00006,-0.98%
2. Medias (176 - 260),SASREC,FAIL (N=9),Δ NOVELTY ↑,0.04612,0.04500,+0.00113,+2.51%
2. Medias (176 - 260),GRUREC,PASS (N=6),MAP,0.2077,0.2106,-0.0029,-1.38%
2. Medias (176 - 260),GRUREC,PASS (N=6),NDCG,0.3700,0.3863,-0.0163,-4.23%
2. Medias (176 - 260),GRUREC,PASS (N=6),MRR,0.6210,0.6944,-0.0734,-10.57%
2. Medias (176 - 260),GRUREC,FAIL (N=9),Δ COVERAGE ↑,0.01639,0.01639,+0.00000,+0.00%
2. Medias (176 - 260),GRUREC,FAIL (N=9),Δ BACKWARD ↓,-0.00379,-0.00354,-0.00026,-7.27%
2. Medias (176 - 260),GRUREC,FAIL (N=9),Δ REPEAT ↓,0.00025,0.00031,-0.00006,-19.07%
2. Medias (176 - 260),GRUREC,FAIL (N=9),Δ FRAC ALLOWED ↑,-0.00584,-0.00558,-0.00027,-4.77%
2. Medias (176 - 260),GRUREC,FAIL (N=9),Δ NOVELTY ↑,0.04303,0.03749,+0.00554,+14.77%
3. Largas (> 260),CASER,PASS (N=7),MAP,0.3528,0.3208,+0.0320,+9.98%
3. Largas (> 260),CASER,PASS (N=7),NDCG,0.5413,0.5033,+0.0381,+7.56%
3. Largas (> 260),CASER,PASS (N=7),MRR,0.9286,0.8333,+0.0952,+11.43%
3. Largas (> 260),CASER,FAIL (N=11),Δ COVERAGE ↑,0.01267,0.01267,+0.00000,+0.00%
3. Largas (> 260),CASER,FAIL (N=11),Δ BACKWARD ↓,-0.00177,-0.00170,-0.00007,-4.13%
3. Largas (> 260),CASER,FAIL (N=11),Δ REPEAT ↓,0.00020,0.00021,-0.00000,-1.00%
3. Largas (> 260),CASER,FAIL (N=11),Δ FRAC ALLOWED ↑,-0.00297,-0.00295,-0.00002,-0.80%
3. Largas (> 260),CASER,FAIL (N=11),Δ NOVELTY ↑,-0.00490,-0.00828,+0.00338,+40.79%
3. Largas (> 260),SASREC,PASS (N=7),MAP,0.3713,0.3135,+0.0578,+18.43%
3. Largas (> 260),SASREC,PASS (N=7),NDCG,0.5573,0.4944,+0.0628,+12.71%
3. Largas (> 260),SASREC,PASS (N=7),MRR,0.8333,0.8333,+0.0000,+0.00%
3. Largas (> 260),SASREC,FAIL (N=11),Δ COVERAGE ↑,0.01267,0.01267,+0.00000,+0.00%
3. Largas (> 260),SASREC,FAIL (N=11),Δ BACKWARD ↓,-0.00180,-0.00177,-0.00003,-1.86%
3. Largas (> 260),SASREC,FAIL (N=11),Δ REPEAT ↓,0.00017,0.00017,-0.00000,-1.95%
3. Largas (> 260),SASREC,FAIL (N=11),Δ FRAC ALLOWED ↑,-0.00309,-0.00317,+0.00008,+2.56%
3. Largas (> 260),SASREC,FAIL (N=11),Δ NOVELTY ↑,-0.00352,-0.00385,+0.00033,+8.58%
3. Largas (> 260),GRUREC,PASS (N=7),MAP,0.3345,0.3393,-0.0048,-1.42%
3. Largas (> 260),GRUREC,PASS (N=7),NDCG,0.5189,0.5361,-0.0172,-3.21%
3. Largas (> 260),GRUREC,PASS (N=7),MRR,0.9286,1.0000,-0.0714,-7.14%
3. Largas (> 260),GRUREC,FAIL (N=11),Δ COVERAGE ↑,0.01267,0.01267,+0.00000,+0.00%
3. Largas (> 260),GRUREC,FAIL (N=11),Δ BACKWARD ↓,-0.00170,-0.00174,+0.00004,+2.23%
3. Largas (> 260),GRUREC,FAIL (N=11),Δ REPEAT ↓,0.00022,0.00013,+0.00009,+66.11%
3. Largas (> 260),GRUREC,FAIL (N=11),Δ FRAC ALLOWED ↑,-0.00290,-0.00304,+0.00014,+4.66%
3. Largas (> 260),GRUREC,FAIL (N=11),Δ NOVELTY ↑,-0.00816,-0.00807,-0.00009,-1.07%
