Model,Cohorte,Métrica,Con POG,Sin POG,Δ Abs,Δ %,p-val (t-test),p-val (Wilcoxon),Sig. (p<0.05)
CASER,PASS (N=14),MAP,0.2795,0.2623,+0.0172,+6.56%,0.3712,0.6566,No
CASER,PASS (N=14),NDCG,0.4516,0.4285,+0.0231,+5.39%,0.1827,0.2477,No
CASER,PASS (N=14),MRR,0.8036,0.7583,+0.0452,+5.97%,0.3810,0.4652,No
CASER,FAIL (N=34),Δ COVERAGE ↑,0.01519,0.01519,+0.00000,+0.00%,1.0000,1.0000,No
CASER,FAIL (N=34),Δ BACKWARD ↓,-0.00437,-0.00433,-0.00004,-0.87%,0.3354,0.4048,No
CASER,FAIL (N=34),Δ REPEAT ↓,0.00038,0.00028,+0.00010,+36.86%,0.1190,0.8889,No
CASER,FAIL (N=34),Δ FRAC ALLOWED ↑,-0.00769,-0.00775,+0.00007,+0.88%,0.6239,0.5735,No
CASER,FAIL (N=34),Δ NOVELTY ↑,0.02662,0.02513,+0.00149,+5.92%,0.3877,0.3960,No
SASREC,PASS (N=14),MAP,0.2787,0.2573,+0.0215,+8.34%,0.3786,0.3910,No
SASREC,PASS (N=14),NDCG,0.4527,0.4308,+0.0219,+5.08%,0.4579,0.4263,No
SASREC,PASS (N=14),MRR,0.7679,0.7983,-0.0304,-3.81%,0.7527,0.9320,No
SASREC,FAIL (N=34),Δ COVERAGE ↑,0.01519,0.01519,+0.00000,+0.00%,1.0000,1.0000,No
SASREC,FAIL (N=34),Δ BACKWARD ↓,-0.00448,-0.00440,-0.00008,-1.75%,0.2241,0.1266,No
SASREC,FAIL (N=34),Δ REPEAT ↓,0.00028,0.00024,+0.00004,+16.00%,0.2544,0.4805,No
SASREC,FAIL (N=34),Δ FRAC ALLOWED ↑,-0.00753,-0.00765,+0.00012,+1.61%,0.4500,0.8094,No
SASREC,FAIL (N=34),Δ NOVELTY ↑,0.02794,0.02914,-0.00121,-4.14%,0.5669,0.5614,No
GRUREC,PASS (N=14),MAP,0.2652,0.2699,-0.0047,-1.75%,0.8240,0.9515,No
GRUREC,PASS (N=14),NDCG,0.4387,0.4554,-0.0167,-3.67%,0.5118,0.7609,No
GRUREC,PASS (N=14),MRR,0.8019,0.8690,-0.0672,-7.73%,0.1137,0.1088,No
GRUREC,FAIL (N=34),Δ COVERAGE ↑,0.01519,0.01519,+0.00000,+0.00%,1.0000,1.0000,No
GRUREC,FAIL (N=34),Δ BACKWARD ↓,-0.00444,-0.00429,-0.00016,-3.64%,0.1649,0.4214,No
GRUREC,FAIL (N=34),Δ REPEAT ↓,0.00034,0.00036,-0.00002,-6.23%,0.5153,0.3694,No
GRUREC,FAIL (N=34),Δ FRAC ALLOWED ↑,-0.00740,-0.00736,-0.00004,-0.56%,0.8333,0.4162,No
GRUREC,FAIL (N=34),Δ NOVELTY ↑,0.02628,0.02342,+0.00286,+12.23%,0.2212,0.5376,No
