run_id,lr,optimizer,num_vert_filters,num_hori_filters,hori_filter_sizes
1,1e-06,sgd,2,2,"(2, 3, 4)"
2,1e-06,adam,4,4,"(3, 4, 5)"
3,1e-06,adamw,8,8,"(4, 5, 6)"
4,1e-06,adagrad,16,16,"(5, 6, 7)"
5,1e-05,sgd,4,8,"(5, 6, 7)"
6,1e-05,adam,2,16,"(4, 5, 6)"
7,1e-05,adamw,16,2,"(3, 4, 5)"
8,1e-05,adagrad,8,4,"(2, 3, 4)"
9,0.0001,sgd,8,16,"(3, 4, 5)"
10,0.0001,adam,16,8,"(2, 3, 4)"
11,0.0001,adamw,2,4,"(5, 6, 7)"
12,0.0001,adagrad,4,2,"(4, 5, 6)"
13,0.001,sgd,16,4,"(4, 5, 6)"
14,0.001,adam,8,2,"(5, 6, 7)"
15,0.001,adamw,4,16,"(2, 3, 4)"
16,0.001,adagrad,2,8,"(3, 4, 5)"
