run_id,pooling,num_heads,lr,optimizer,dropout,hidden_dim
1,mean,2,1e-06,sgd,0.1,128
2,mean,2,1e-05,adam,0.15,64
3,mean,2,0.0001,adamw,0.2,32
4,mean,2,0.001,adagrad,0.25,16
5,mean,4,1e-06,sgd,0.15,64
6,mean,4,1e-05,adam,0.1,128
7,mean,4,0.0001,adamw,0.25,16
8,mean,4,0.001,adagrad,0.2,32
9,mean,8,1e-06,adam,0.2,16
10,mean,8,1e-05,sgd,0.25,32
11,mean,8,0.0001,adagrad,0.1,64
12,mean,8,0.001,adamw,0.15,128
13,mean,10,1e-06,adam,0.25,32
14,mean,10,1e-05,sgd,0.2,16
15,mean,10,0.0001,adagrad,0.15,128
16,mean,10,0.001,adamw,0.1,64
17,last,2,1e-06,adagrad,0.1,16
18,last,2,1e-05,adamw,0.15,32
19,last,2,0.0001,adam,0.2,64
20,last,2,0.001,sgd,0.25,128
21,last,4,1e-06,adagrad,0.15,32
22,last,4,1e-05,adamw,0.1,16
23,last,4,0.0001,adam,0.25,128
24,last,4,0.001,sgd,0.2,64
25,last,8,1e-06,adamw,0.2,128
26,last,8,1e-05,adagrad,0.25,64
27,last,8,0.0001,sgd,0.1,32
28,last,8,0.001,adam,0.15,16
29,last,10,1e-06,adamw,0.25,64
30,last,10,1e-05,adagrad,0.2,128
31,last,10,0.0001,sgd,0.15,16
32,last,10,0.001,adam,0.1,32
