run_id,num_heads,pooling,lr,optimizer,dropout
1,3,last,0.0001,adam,0.2
2,5,mean,0.001,adam,0.1
3,3,mean,0.001,adamw,0.2
4,2,last,1e-06,sgd,0.15
5,5,last,1e-06,sgd,0.1
6,3,last,0.0001,adam,0.15
7,10,last,0.001,adam,0.15
8,10,last,0.0001,adamw,0.25
9,5,last,1e-05,adagrad,0.2
10,3,last,0.0001,adam,0.1
11,10,mean,0.0001,adagrad,0.2
12,2,mean,0.0001,adagrad,0.1
13,5,mean,1e-05,sgd,0.25
14,3,mean,1e-05,adamw,0.1
15,10,mean,0.001,adam,0.2
16,10,last,1e-06,adam,0.15
17,5,last,0.001,adamw,0.15
18,2,mean,1e-05,adagrad,0.15
19,10,mean,1e-05,adagrad,0.1
20,2,mean,0.001,sgd,0.1
21,2,last,0.001,sgd,0.15
22,5,mean,1e-06,adamw,0.25
23,10,last,0.0001,adagrad,0.25
24,5,mean,1e-05,adagrad,0.2
25,3,mean,1e-05,adagrad,0.2
26,2,mean,0.0001,sgd,0.25
27,10,mean,1e-06,sgd,0.15
28,2,mean,1e-06,adam,0.2
29,2,last,0.001,sgd,0.25
30,5,last,1e-05,adamw,0.25
31,3,last,1e-06,adamw,0.25
32,3,last,1e-06,adamw,0.1
