lr,optimizer,num_vert_filters,num_hori_filters,hori_filter_sizes,mean_map,mean_ndcg,mean_hr,mean_mrr,mean_coverage_ratio,mean_backward_ratio,mean_repeat_ratio,mean_progress_ratio,mean_frac_allowed_edges,mean_novelty,z_mean_map,z_mean_ndcg,z_mean_hr,z_mean_mrr,z_mean_coverage_ratio,z_mean_backward_ratio,z_mean_repeat_ratio,z_mean_progress_ratio,z_mean_frac_allowed_edges,z_mean_novelty,score_combined
1e-06,sgd,2,2,"(2, 3, 4)",0.1733862433862434,0.3301223075047571,1.0,0.6711111111111111,0.0176587301587301,-0.004461019410329,0.0001121960656744,-0.0075623278009111,-0.0074501317352366,-0.0011941905825381,0.2920750622503405,0.7062152423094481,0.664410597026752,0.5638312545384982,0.0,-1.1045652767156908,0.4715646321736515,-0.934355682850029,-0.9444154069333649,-0.335575364888566,-0.062081494308896035
1e-06,adam,4,4,"(3, 4, 5)",0.1634312169312169,0.3058818445332839,1.0,0.5896296296296297,0.0176587301587301,-0.0045582532429376,0.0001753377922496,-0.0073383181378974,-0.0071629803456477,-0.0023984549267707,-0.4237912250677266,-0.5997951897300641,0.664410597026752,-1.3225602878531073,0.0,0.8271526140824833,-1.1105098838895828,1.0049911691466336,1.1952224549603405,-0.9077117895147333,-0.06725915408390049
1e-06,adamw,8,8,"(4, 5, 6)",0.1726693121693121,0.3120712265737183,0.9,0.6361111111111111,0.0176587301587301,-0.0044549346932048,0.000121181412388,-0.0075368011142964,-0.0074156197019083,-0.0044033817790119,0.24052051431964347,-0.26632806403209053,-1.6135685927792451,-0.2464596579888068,0.0,-1.225448683385234,0.2464284373841591,-0.7133603085339794,-0.6872574899687737,-1.8602366121351717,-0.6125710457119499
1e-06,adagrad,16,16,"(5, 6, 7)",0.1846243386243386,0.3392438888775539,1.0,0.7055555555555555,0.0176587301587301,-0.0046033556521984,0.0001970055055309,-0.0075554117097591,-0.0073584062042282,0.0003992401235504,1.1002068689277604,1.1976613192094376,0.664410597026752,1.3612604065494949,0.0,1.7231898117305386,-1.6534145344756446,-0.8744801425572294,-0.2609452021439925,0.42145090715635236,0.3679340031423469
1e-05,sgd,4,8,"(5, 6, 7)",0.1421640211640211,0.2787602568670356,0.9333333333333332,0.5555555555555556,0.0176587301587301,-0.0045053311538637,0.0001005637310681,-0.0073140553946653,-0.0072134916635971,0.0014241982827725,-1.9531159882221052,-2.06103280995534,-0.8542421961772486,-2.111414932853236,0.0,-0.22423601824655878,0.7630235633929295,1.215044048450765,0.818849808833105,0.9084003874902863,-0.3498724137287404
1e-05,adam,2,16,"(4, 5, 6)",0.1693015873015873,0.3204300672286735,1.0,0.5925,0.0176587301587301,-0.0046073326955793,0.0001722986394616,-0.0074688350045626,-0.0072965363651009,0.0020663191527164,-0.0016526942256353968,0.18402361068528675,0.664410597026752,-1.2561078585188592,0.0,1.802200642068678,-1.0343610923200182,-0.1249488124341789,0.20006266724352215,1.2134669125161144,0.16470939720416616
1e-05,adamw,16,2,"(3, 4, 5)",0.1780608465608466,0.3321082389489661,1.0,0.7339682539682539,0.0176587301587301,-0.004524175644909,0.0001063880185147,-0.0076425465614343,-0.0075361585429195,0.0007551402831648,0.6282259338131958,0.8132118449116558,0.664410597026752,2.0190475872405953,0.0,0.15014231816772816,0.6170906400586474,-1.6288435839466318,-1.5854229783043383,0.5905362461193865,0.22683986050869903
1e-05,adagrad,8,4,"(2, 3, 4)",0.197281746031746,0.3503002132444173,1.0,0.6722222222222223,0.0176587301587301,-0.0044197415998646,0.000135136102412,-0.0075306362149303,-0.0073955001125183,-0.0018129269838001,2.010401461453212,1.7933461037834455,0.664410597026752,0.5895547755711126,0.0,-1.9246202187853596,-0.10321926254432999,-0.6599881547720692,-0.5373413245403983,-0.6295321145834885,0.1203011862608877
0.0001,sgd,8,16,"(3, 4, 5)",0.1709841269841269,0.3226214526864987,1.0,0.6744444444444444,0.0176587301587301,-0.0045392960646994,0.0001596806553901,-0.0075057073567695,-0.0073460267013794,0.0034746445192816,0.11933879095487794,0.3020895185810003,0.664410597026752,0.641001817636336,0.0,0.45053555210583984,-0.7182057996731334,-0.4441684354456607,-0.16870238540319948,1.882551108021716,0.2728850763804529
0.0001,adam,16,8,"(2, 3, 4)",0.1579894179894179,0.3045086049478466,0.9,0.6224867724867725,0.0176587301587301,-0.0045235087443171,0.0001009320592087,-0.0074686028211041,-0.0073676707618954,-0.0005277296333247,-0.8151111700619529,-0.6737816159126538,-1.6135685927792451,-0.5618790230315575,0.0,0.1368931869734082,0.7537947602480202,-0.12293870156096742,-0.3299777719909216,-0.018945061531956714,-0.3245513989647827
0.0001,adamw,2,4,"(5, 6, 7)",0.141010582010582,0.2862463433828349,1.0,0.65,0.0176587301587301,-0.0045356603810022,3.481924367171792e-05,-0.0076400615324025,-0.0076052422887308,-0.0010304221667191,-2.0360598365533997,-1.6577027623283656,0.664410597026752,0.07508435491885507,0.0,0.378306421002513,2.4103126655935228,-1.6073296315344643,-2.1001834967573894,-0.2577702913246869,-0.4130931979956663
0.0001,adagrad,4,2,"(4, 5, 6)",0.1832910052910052,0.3365262745792003,1.0,0.6796296296296296,0.0176587301587301,-0.0045279054931343,0.0001580728462245,-0.0073679215686785,-0.007209848722454,-0.0038933200482049,1.004326824067722,1.051243627926628,0.664410597026752,0.7610449157885292,0.0,0.22424219013077681,-0.6779206499701198,0.7487016880535103,0.8459942876029487,-1.6179103351843147,0.30041331454424325
0.001,sgd,16,4,"(4, 5, 6)",0.171526455026455,0.3180131322444933,0.9,0.65,0.0176587301587301,-0.0044631052347984,8.34795206269804e-05,-0.0073984610092911,-0.0073149814886641,0.0003282751500854,0.1583376187253316,0.05380570574612285,-1.6135685927792451,0.07508435491885507,0.0,-1.0631267739177714,1.1910842996442035,0.484308772065043,0.06262337154785391,0.38773601192890234,-0.026371523212070463
0.001,adam,8,2,"(5, 6, 7)",0.1634126984126984,0.3034816332580996,1.0,0.6257407407407407,0.0176587301587301,-0.0044934625710062,0.0001283200758416,-0.0073114101486348,-0.0071830900727932,-0.0025789252446905,-0.42512289235744805,-0.7291120665644086,0.664410597026752,-0.48654585429319314,0.0,-0.4600258994964487,0.0675626042612431,1.237945067509457,1.0453797756180478,-0.9934518041056154,-0.007896047240161385
0.001,adamw,4,16,"(2, 3, 4)",0.1659523809523809,0.3063336669164506,0.9,0.645079365079365,0.0176587301587301,-0.0044926708689566,0.0001674569192193,-0.0072770305890268,-0.0071095736698074,1.0523558037646083e-05,-0.2424942354811968,-0.5754522245590149,-1.6135685927792451,-0.038834095368432006,0.0,-0.4757544270301703,-0.9130473015080497,1.5355835256090458,1.5931691473632077,0.2367747544075547,-0.04936234493463008
0.001,adagrad,2,8,"(3, 4, 5)",0.1741071428571428,0.3255822223157505,1.0,0.644074074074074,0.0176587301587301,-0.0045561372398683,0.0001433961764714,-0.0073523121357255,-0.007208915959254,0.0015753619510776,0.34391496745739697,0.46160775992891284,0.664410597026752,-0.0621077572550818,0.0,0.7851145613153537,-0.31018307837549913,0.8838391828007853,0.8529445428733778,0.9802170456282202,0.4599757821400218
