run_id,lr,optimizer,num_vert_filters,num_hori_filters,hori_filter_sizes,mean_map,mean_ndcg,mean_hr,mean_mrr,mean_coverage_ratio,mean_backward_ratio,mean_repeat_ratio,mean_progress_ratio,mean_frac_allowed_edges,mean_novelty
1,1e-06,sgd,2,2,"(2, 3, 4)",0.26672335600907027,0.4369412550766109,1.0,0.7642857142857143,0.015648286140089434,-0.004532620225218124,0.00039482313416907075,-0.008224870925428663,-0.00783004779125959,0.02897988032498901
2,1e-06,adam,4,4,"(3, 4, 5)",0.30675736961451244,0.48047502396690184,1.0,0.8340136054421768,0.015648286140089434,-0.004518850987312423,0.0004234597992096015,-0.008213108481907481,-0.007789648682697875,0.02737664690382083
3,1e-06,adamw,8,8,"(4, 5, 6)",0.270391156462585,0.4431249293166916,1.0,0.7738095238095238,0.015648286140089434,-0.004467148060882746,0.0004573778319795307,-0.008344685684074695,-0.007887307852095167,0.026852931488801052
4,1e-06,adagrad,16,16,"(5, 6, 7)",0.27977040816326526,0.4535789048667492,1.0,0.8154761904761906,0.015648286140089434,-0.004579075844980959,0.0004609574355843483,-0.0082719190743003,-0.0078109616387159325,0.02935298638559508
5,1e-05,sgd,4,8,"(5, 6, 7)",0.28460600907029476,0.4635650180377836,1.0,0.8690476190476192,0.015648286140089434,-0.0045438448112980825,0.00041088047645343706,-0.008249606807253881,-0.007838726330800449,0.028721618357487926
6,1e-05,adam,2,16,"(4, 5, 6)",0.3089484126984127,0.4763727642751533,1.0,0.8273809523809524,0.015648286140089434,-0.0044245929337040045,0.000346022631932382,-0.008230142649858812,-0.007884120017926433,0.026672513175230568
7,1e-05,adamw,16,2,"(3, 4, 5)",0.26884637188208615,0.43738039487715097,1.0,0.7738095238095238,0.015648286140089434,-0.0044738389295154515,0.00036724516103243466,-0.008252608077804868,-0.00788536291677244,0.02569049187527449
8,1e-05,adagrad,8,4,"(2, 3, 4)",0.27257936507936503,0.44414383424810927,1.0,0.7738095238095238,0.015648286140089434,-0.004687678362777288,0.00038044613338697377,-0.008399054300912461,-0.008018608167525492,0.02991622749231444
9,0.0001,sgd,8,16,"(3, 4, 5)",0.2965674603174603,0.46272724799538795,1.0,0.7797619047619049,0.015648286140089434,-0.004434386026882352,0.00043241056202443,-0.008253882820973404,-0.007821472258948975,0.028759277558190573
10,0.0001,adam,16,8,"(2, 3, 4)",0.31028061224489795,0.47648034480831714,1.0,0.8273809523809524,0.015648286140089434,-0.004439978679139884,0.00037797412833925784,-0.008128147581815234,-0.007750173453475977,0.02807378129117258
11,0.0001,adamw,2,4,"(5, 6, 7)",0.2862244897959183,0.4538324009549686,1.0,0.8154761904761905,0.015648286140089434,-0.004466659037072985,0.0003472994163416998,-0.008210443638611228,-0.007863144222269514,0.028040157004830903
12,0.0001,adagrad,4,2,"(4, 5, 6)",0.28559807256235825,0.45405483072290104,1.0,0.7976190476190477,0.015648286140089434,-0.004470115843949585,0.00042111905435226836,-0.00827040753180981,-0.00784928847745755,0.02726531620553358
13,0.001,sgd,16,4,"(4, 5, 6)",0.2800850340136054,0.440817210192117,1.0,0.7738095238095238,0.015648286140089434,-0.0045694765340755,0.0003633951120029621,-0.008332155951881698,-0.007968760839878741,0.026618137900746575
14,0.001,adam,8,2,"(5, 6, 7)",0.28255385487528345,0.4434978951202552,1.0,0.767857142857143,0.015648286140089434,-0.004467363374722562,0.00041509311137400215,-0.008252280936094914,-0.007837187824720914,0.02758901515151513
15,0.001,adamw,4,16,"(2, 3, 4)",0.25794217687074833,0.421234631561433,1.0,0.7702380952380953,0.015648286140089434,-0.0046258964257787005,0.00038041941718927207,-0.008126920046869776,-0.007746500629680511,0.026108064339042607
16,0.001,adagrad,2,8,"(3, 4, 5)",0.2530583900226757,0.4296952386776809,1.0,0.773809523809524,0.015648286140089434,-0.004643007240268328,0.00035778613720240614,-0.008388418563925746,-0.00803063242672333,0.02807523605621432
