run_id,lr,optimizer,num_vert_filters,num_hori_filters,hori_filter_sizes,mean_map,mean_ndcg,mean_hr,mean_mrr,mean_coverage_ratio,mean_backward_ratio,mean_repeat_ratio,mean_progress_ratio,mean_frac_allowed_edges,mean_novelty,z_mean_map,z_mean_ndcg,z_mean_hr,z_mean_mrr,z_mean_coverage_ratio,z_mean_backward_ratio,z_mean_repeat_ratio,z_mean_progress_ratio,z_mean_frac_allowed_edges,z_mean_novelty,score_combined
1,1e-06,sgd,2,2,"(2, 3, 4)",0.2853227513227513,0.4670280248246109,1.0,0.9022222222222223,0.01584699453551914,-0.00449598249816602,0.00041502262151726764,-0.008037487572694261,-0.007622464951177005,0.031415087991718424,1.0351629714053538,1.2836192014096681,0.0,2.439417135021613,0.0,-0.6159555301622816,0.12474539451297716,-0.21133230902743597,-0.23839006778245467,-1.5144872080618992,0.23027795873155407
2,1e-06,adam,4,4,"(3, 4, 5)",0.28289682539682537,0.45763986218660097,1.0,0.7633333333333334,0.01584699453551914,-0.004528074517565076,0.0003826263717605663,-0.008024120793236087,-0.007641494421475525,0.03712239044168391,0.8421204349877517,0.6820828735172659,0.0,-0.9848983620007055,0.0,-0.1280272161861996,0.7320644477659461,-0.11389735755523281,-0.3656526179127377,1.284632975402602,0.194842517801869
3,1e-06,adamw,8,8,"(4, 5, 6)",0.2829550264550264,0.4592322960966496,1.0,0.7855555555555556,0.01584699453551914,-0.004532379707818909,0.0004250849507431308,-0.008055661744561387,-0.007630576793818249,0.034440627156659756,0.8467517717393171,0.7841163473286077,0.0,-0.43700788247713623,0.0,-0.0625709357390793,-0.06388891670716038,-0.34380996076560283,-0.29263928042924964,-0.03062546835318104,0.040032567459651544
4,1e-06,adagrad,16,16,"(5, 6, 7)",0.28609788359788363,0.4704157937739363,1.0,0.8166666666666667,0.01584699453551914,-0.004629507572831247,0.0004152336694156567,-0.008234401030897169,-0.007819167361481503,0.03463420462387852,1.096843956323958,1.5006868185890239,0.0,0.33003878885586285,0.0,1.4141649102127192,0.1207889671239041,-1.646700738966718,-1.553868111018926,0.0643137083079852,0.13262682994278088
5,1e-05,sgd,4,8,"(5, 6, 7)",0.2812328042328042,0.4585418828849205,1.0,0.768888888888889,0.01584699453551914,-0.004630322127569911,0.00041529062243230927,-0.008333837364071723,-0.007918546741639413,0.03061438923395445,0.7097063069543061,0.7398788703988324,0.0,-0.8479257421198132,0.0,1.426549432212889,0.1197212925500533,-2.3715256175212636,-2.2184832133240153,-1.9071862236442345,-0.43492648944932455
6,1e-05,adam,2,16,"(4, 5, 6)",0.27976190476190477,0.4499683679731558,1.0,0.8362962962962964,0.01584699453551914,-0.004505876902139858,0.0005171414011971107,-0.007889004095670516,-0.007371862694473402,0.03230961870255348,0.5926597963237882,0.19054021106699104,0.0,0.814008712435021,0.0,-0.4655206264336833,-1.7896329999084923,0.8710136983636966,1.4375516035411384,-1.0757687435371408,0.057485165185131894
7,1e-05,adamw,16,2,"(3, 4, 5)",0.25053703703703706,0.4249458781073532,1.0,0.8133333333333332,0.01584699453551914,-0.004437106866206315,0.0004972853247049809,-0.007806774123975832,-0.007309488799270851,0.03622773033126295,-1.7329027988836652,-1.412748659074524,0.0,0.2478552169273253,0.0,-1.5111029336073885,-1.4173993720323406,1.4704156206219885,1.854686754468226,0.8458510474472963,-0.16553451241330822
8,1e-05,adagrad,8,4,"(2, 3, 4)",0.27639682539682536,0.4616669375194464,1.0,0.868888888888889,0.01584699453551914,-0.004592032525844478,0.0004209417740944993,-0.008141069108008051,-0.007720127333913552,0.03172399930986887,0.3248843259604392,0.9401133530978149,0.0,1.6175814157362594,0.0,0.8443928349482122,0.013781496955032056,-0.9663729602400684,-0.8915224820787885,-1.3629830757479082,0.05198749086309924
9,0.0001,sgd,8,16,"(3, 4, 5)",0.2486375661375661,0.4230970426538148,1.0,0.7444444444444445,0.01584699453551914,-0.004620670734060887,0.00042374085957082926,-0.007987419624229043,-0.007563678764658223,0.03621864216701173,-1.8840527892302752,-1.5312107833986182,0.0,-1.4506052695957425,0.0,1.279809269064527,-0.038691797152326776,0.1536298080095222,0.15475172184458083,0.8413937991747139,-0.2474976041283618
10,0.0001,adam,16,8,"(2, 3, 4)",0.2756296296296296,0.4479754623869526,1.0,0.8027777777777778,0.01584699453551914,-0.00454089501504262,0.00045016725999334935,-0.008088244795589788,-0.007638077535596435,0.036141192201518305,0.26383488696250795,0.06284694941563182,0.0,-0.012392760846367907,0.0,0.06689612723968931,-0.5340965617784817,-0.5813187792287642,-0.3428016607575651,0.8034088205404387,-0.027362297845291105
11,0.0001,adamw,2,4,"(5, 6, 7)",0.2590820105820106,0.42763162889537015,1.0,0.7750000000000001,0.01584699453551914,-0.0045637080111682665,0.0004356966230153919,-0.007890972106705444,-0.007455275483690045,0.03332908471359559,-1.052938357630831,-1.2406620933692332,0.0,-0.6972558602508294,0.0,0.4137458096456877,-0.2628215341002358,0.8566682039770361,0.8797155680307137,-0.5757763368124427,-0.16793246005101348
12,0.0001,adagrad,4,2,"(4, 5, 6)",0.27524338624338623,0.44907366095506873,1.0,0.7750000000000001,0.01584699453551914,-0.00455064833773401,0.0003481724858514316,-0.007875104644923666,-0.007526932159072235,0.03652547446514838,0.2330996521566528,0.13321283030553585,0.0,-0.6972558602508294,0.0,0.2151860256502196,1.3779571522723721,0.9723314700264514,0.4005003770695389,0.991878285704472,0.3626909932934413
13,0.001,sgd,16,4,"(4, 5, 6)",0.27716798941798937,0.4491379305309999,1.0,0.8111111111111111,0.01584699453551914,-0.004476889551946252,0.0003836096663484052,-0.007997652013661653,-0.007614042347313247,0.03519731711525188,0.38624953791870476,0.137330833603039,0.0,0.19306616897497056,0.0,-0.9062454287817856,0.713631032088517,0.0790424797057429,-0.18206259099912314,0.34048963449772,0.07615016670077854
14,0.001,adam,8,2,"(5, 6, 7)",0.2632010582010582,0.44047783419859626,1.0,0.7911111111111111,0.01584699453551914,-0.0043961733890696955,0.0003856089784340244,-0.007960968513284287,-0.007575359534850262,0.036833186680469296,-0.7251660248039985,-0.4175554362510138,0.0,-0.30003526259624397,0.0,-2.133457115689071,0.6761507579174516,0.34644085268581043,0.07663474965327627,1.1427943235619993,-0.13341931555217895
15,0.001,adamw,4,16,"(2, 3, 4)",0.2525502645502645,0.41797244717872817,1.0,0.763888888888889,0.01584699453551914,-0.004590744513058843,0.0003161185625326974,-0.007848128467520758,-0.007532009904988074,0.03355920893719806,-1.572700650340818,-1.8595636744677357,0.0,-0.9712011000126168,0.0,0.8248098383452331,1.9788587538211777,1.1689699007256686,0.3665421594194329,-0.46291297191512915,-0.05271977444247874
16,0.001,adagrad,2,8,"(3, 4, 5)",0.2803121693121693,0.44710873538530943,1.0,0.833968253968254,0.01584699453551914,-0.004492909700825089,0.0005150895668839312,-0.007965083450780678,-0.007449993883896744,0.03575698757763974,0.636446980156786,0.0073123578286930155,0.0,0.7566106621992165,0.0,-0.6626744607196621,-1.7511681133283916,0.3164456891891312,0.9150370902758893,0.6149774334347169,0.08329876390363791
