run_id,pooling,num_layers,lr,optimizer,dropout,hidden_dim,mean_map,mean_ndcg,mean_hr,mean_mrr,mean_coverage_ratio,mean_backward_ratio,mean_repeat_ratio,mean_progress_ratio,mean_frac_allowed_edges,mean_novelty,z_mean_map,z_mean_ndcg,z_mean_hr,z_mean_mrr,z_mean_coverage_ratio,z_mean_backward_ratio,z_mean_repeat_ratio,z_mean_progress_ratio,z_mean_frac_allowed_edges,z_mean_novelty,score_combined
1,mean,2,1e-06,sgd,0.1,128,0.24012962962962964,0.41147644166851627,1.0,0.765079365079365,0.01584699453551914,-0.004520609534762896,0.00033320910030324396,-0.00812913350390375,-0.0077959244036005055,0.03864759316770187,-1.2125449288530326,-1.1524589273787607,0.17960530202677408,-0.3390531886979449,0.0,-0.4292628418677512,1.1730599613262775,-0.36872457570587813,-0.621067656015368,0.7929030497036947,-0.19775438054619884
2,mean,2,1e-05,adam,0.15,64,0.2544047619047619,0.4207114176103999,1.0,0.7861111111111112,0.01584699453551914,-0.004532164644795991,0.0003883293700948227,-0.007908600903001908,-0.007520271532907075,0.035354183919944764,-0.5156411053488804,-0.749157304832266,0.17960530202677408,0.10084446126511504,0.0,-0.33070470052078976,-0.07268735462236711,0.737363599983074,0.7439315795649517,0.0745080197344906,0.016806249725010214
3,mean,2,0.0001,adamw,0.2,32,0.22148148148148147,0.38855003267704563,1.0,0.7117460317460317,0.01584699453551914,-0.004460400612434903,0.000405903703724807,-0.007695754129656289,-0.007289850425931482,0.039956491545893716,-2.122936895472894,-2.1536805876854084,0.17960530202677408,-1.4545672293589798,0.0,-0.9428087501416708,-0.4698766106242263,1.8049032665375062,1.8849486641758897,1.0784145118058155,-0.21959983287371937
4,mean,2,0.001,adagrad,0.25,16,0.2701507936507936,0.4299081907627074,0.9333333333333332,0.7777777777777778,0.01584699453551914,-0.004663971624205547,0.0004002776741879055,-0.008221240040346274,-0.007820962366158365,0.030261171497584526,0.2530711921857183,-0.34752404039723633,-5.567764362830025,-0.07345460758817333,0.0,0.7935295880283516,-0.3427253607928336,-0.8306877976790511,-0.7450525783054627,-1.0364364565059723,-0.7897044423884685
5,mean,4,1e-06,sgd,0.15,64,0.28425396825396826,0.4624444437544188,1.0,0.8022222222222222,0.01584699453551914,-0.00478444719734822,0.0003652917314182942,-0.00838059641265405,-0.008015304681235765,0.04020645272601792,0.9415801401287601,1.0733701455451725,0.17960530202677408,0.4378226610481329,0.0,1.8211137938597435,0.44797549147031823,-1.6299446803780864,-1.7074119067399207,1.13293882262712,0.26970497695880147
6,mean,4,1e-05,adam,0.1,128,0.250047619047619,0.4133815943210874,1.0,0.7583333333333334,0.01584699453551914,-0.00443655804475912,0.0004102281644165702,-0.00811381745671624,-0.007703589292299667,0.04708360507246377,-0.7283543368743342,-1.069258802027489,0.17960530202677408,-0.4801524349125075,0.0,-1.1461715176388296,-0.5676117146079245,-0.291906460728222,-0.16383550013101636,2.6330597290684814,-0.16346257358250674
7,mean,4,0.0001,adamw,0.25,16,0.26527910052910053,0.4438513926366511,1.0,0.8555555555555555,0.01584699453551914,-0.004360458693707084,0.00028602796345725484,-0.008109925471582964,-0.007823897508125718,0.04249372843340233,0.015237909942783047,0.2613910206319152,0.17960530202677408,1.553336701709168,0.0,-1.7952532291861503,2.239378664256073,-0.27238608724026864,-0.7595870416385624,1.6318648220222127,0.3053588062523945
8,mean,4,0.001,adagrad,0.2,32,0.26329100529100524,0.43077812108972074,1.0,0.7844444444444445,0.01584699453551914,-0.0044398346572982125,0.00044711156499462545,-0.007736422165538358,-0.0072893106005437235,0.03191482056590751,-0.08181976673686553,-0.3095332199993527,0.17960530202677408,0.0659846474944569,0.0,-1.1182239826658023,-1.401196119163775,1.6009314572281352,1.8876218133427536,-0.6757241421145924,0.014764598941173223
9,mean,8,1e-06,adam,0.2,16,0.27434126984126983,0.45568726793909964,1.0,0.7984126984126985,0.01584699453551914,-0.004719524045686794,0.0003850175704489229,-0.008359939253014067,-0.00797492168256515,0.037198805210489974,0.45764785201347796,0.7782767974628486,0.17960530202677408,0.358143086715204,0.0,1.26735834369001,0.0021610729241485697,-1.52633804839865,-1.507440246088739,0.47687731781232023,0.04862914781573944
10,mean,8,1e-05,sgd,0.25,32,0.31239682539682534,0.4942680023107272,1.0,0.8722222222222221,0.01584699453551914,-0.004748657492945046,0.0003733529919589623,-0.00838972163248443,-0.00801636864052546,0.036867404244306415,2.3154983896538073,2.4631401765372396,0.17960530202677408,1.90193483941574,0.0,1.515849133010004,0.2657867300641782,-1.6757125066027367,-1.7126805027587808,0.40458845568703233,0.5658010017033257
11,mean,8,0.0001,adagrad,0.1,64,0.25763756613756617,0.4293277360175143,1.0,0.7244444444444444,0.01584699453551914,-0.004764329678918223,0.00041151178383665805,-0.008340907184160331,-0.007929395400323674,0.04225760438233263,-0.3578174447999406,-0.37287314168611924,0.17960530202677408,-1.1889686482492083,0.0,1.6495234568317934,-0.5966221939346837,-1.4308821102202187,-1.2819996754823073,1.5803588195841038,-0.18196756359298066
12,mean,8,0.001,adamw,0.15,128,0.2609417989417989,0.4314605678926692,1.0,0.7466666666666667,0.01584699453551914,-0.004618444659198822,0.00047435254224625987,-0.008153426144404261,-0.007679073602158004,0.0354104899930987,-0.19650668209484926,-0.2797300126425793,0.17960530202677408,-0.7241711313071097,0.0,0.40521194852688297,-2.0168566451981795,-0.4905650759493633,-0.04243680684364688,0.08679012622897367,-0.30786589772530976
13,mean,10,1e-06,adam,0.25,32,0.28323544973544973,0.46343998237987893,1.0,0.8,0.01584699453551914,-0.00474170962599486,0.00040930157014733347,-0.008379337208445164,-0.007970035638297832,0.03909353433402345,0.8918566464206241,1.1168464193852419,0.17960530202677408,0.39134290935392513,0.0,1.4565880051648306,-0.546670192945572,-1.6236291021799842,-1.4832451536410416,0.8901766933488834,0.1272871526933681
14,mean,10,1e-05,sgd,0.2,16,0.2821296296296296,0.4541422854242156,1.0,0.7577777777777778,0.01584699453551914,-0.004731334906328934,0.0003920154246049177,-0.008335774370383358,-0.00794375894577844,0.03942367149758454,0.8378711389660769,0.7108057007345108,0.17960530202677408,-0.49177237283606173,0.0,1.3680978839681541,-0.15599414048814983,-1.4051383217576245,-1.3531261923825588,0.9621898807995289,0.065253887903065
15,mean,10,0.0001,adagrad,0.15,128,0.25643650793650796,0.42944065761633227,1.0,0.768888888888889,0.01584699453551914,-0.004672039858816296,0.00042015270624443004,-0.00814210661690836,-0.007721953910663927,0.03718792270531399,-0.4164524217960276,-0.36794173046096473,0.17960530202677408,-0.25937361436501133,0.0,0.8623467784237,-0.7919116208098591,-0.43379163081517175,-0.2547748397645157,0.4745035048289009,-0.10077902727321755
17,last,2,1e-06,adagrad,0.1,16,0.25753439153439156,0.42804096529429475,1.0,0.7655555555555555,0.01584699453551914,-0.004605713129894369,0.0003583297314369159,-0.007824694634819346,-0.007466364903382441,0.03404255089717046,-0.36285437013660893,-0.4290678436307261,0.17960530202677408,-0.3290932419063276,0.0,0.2966196580893673,0.605320381530373,1.1581981193393525,1.0108706029414616,-0.21159995343837082,0.1917998654815295
18,last,2,1e-05,adamw,0.15,32,0.2782513227513227,0.45236594852707207,1.0,0.8539682539682539,0.01584699453551914,-0.0045474429175749245,0.00040473133497349287,-0.007966834183191194,-0.007562102848217699,0.03404646739130433,0.6485344070800318,0.6332311020224468,0.17960530202677408,1.5201368790704466,0.0,-0.20039021941495172,-0.44338045538452975,0.4452927570077079,0.5367880323975259,-0.21074564420771766,0.3109072160597734
19,last,2,0.0001,adam,0.2,64,0.2957010582010582,0.46704543025687084,1.0,0.8539682539682539,0.01584699453551914,-0.004457975531055291,0.0002807284802961176,-0.007716678702196049,-0.007435950221899935,0.03670694444444445,1.500420548635517,1.2743003194222646,0.17960530202677408,1.5201368790704466,0.0,-0.9634932362872041,2.3591497928964915,1.6999554167732192,1.161480378452242,0.3695871806984497,0.9101142581688201
20,last,2,0.001,sgd,0.25,128,0.29188624338624336,0.46944233882192987,1.0,0.8133333333333332,0.01584699453551914,-0.004609215600913036,0.0003342589035901926,-0.007863528714451116,-0.007529269810860923,0.03643341097308488,1.3141834631105005,1.3789759698481314,0.17960530202677408,0.670221419519181,0.0,0.3264936301011268,1.1493338505518678,0.9634245751159202,0.6993732098384056,0.3099210197168581,0.6991532439828767
23,last,4,0.0001,adam,0.25,128,0.2899285714285714,0.4556312548132596,1.0,0.7911111111111111,0.01584699453551914,-0.00446351796702591,0.0003813561493228966,-0.0077861030411483555,-0.007404746891825466,0.03340285973084887,1.218611033645514,0.7758306422506049,0.17960530202677408,0.20542390257708482,0.0,-0.9162195897157531,0.08491113125208777,1.3517554676221795,1.3159954451448732,-0.3511365005327236,0.3864776834270641
24,last,4,0.001,sgd,0.2,64,0.2561375661375661,0.4328883769001829,1.0,0.7206349206349206,0.01584699453551914,-0.004430728060237253,0.00048499722292545737,-0.00783143074470748,-0.007346433521782024,0.036287150621118,-0.4310465900791973,-0.21737601269276124,0.17960530202677408,-1.2686482225821396,0.0,-1.195897780470697,-2.257432071178163,1.1244129489521304,1.60475610754311,0.27801708612399795,-0.21836092323569462
25,last,8,1e-06,adamw,0.2,128,0.24428835978835975,0.4168932639534876,1.0,0.7666666666666667,0.01584699453551914,-0.004642115604615265,0.0003361096868447101,-0.00805671722071713,-0.0077206075338724185,0.02796442805383024,-1.0095180922057911,-0.9159003017447713,0.17960530202677408,-0.3058533660592214,0.0,0.6071108813356793,1.1075051679195833,-0.005518436420762439,-0.2481077468857463,-1.5374276637879418,-0.21281042558221977
28,last,8,0.001,adam,0.15,16,0.23837301587301588,0.4055160501908598,1.0,0.7428571428571429,0.01584699453551914,-0.004654674542227316,0.0003938485904635948,-0.008137443814032525,-0.007743595223568921,0.02869491890959281,-1.2983018115081026,-1.412755821391119,0.17960530202677408,-0.803850705640041,0.0,0.7142310684036653,-0.19742466063565137,-0.41040519676669196,-0.3619399692186709,-1.3780848792326448,-0.4968926673962482
29,last,10,1e-06,adamw,0.25,64,0.26896825396825397,0.44434325096362437,1.0,0.85,0.01584699453551914,-0.004602382435479704,0.000356641573680226,-0.007970167852286734,-0.007613526278606497,0.0336304089026915,0.1953402787116006,0.28287101826046057,0.17960530202677408,1.437137322473644,0.0,0.2682108372331491,0.6434736417057374,0.4285726351157146,0.2821455068361171,-0.30150094605777283,0.3415855596305425
31,last,10,0.0001,sgd,0.15,16,0.2643835978835979,0.4390462678895986,1.0,0.8484126984126984,0.01584699453551914,-0.00451374149654972,0.0003742964643274792,-0.007933683180669372,-0.00755938671634189,0.028439497066942716,-0.028480018940863185,0.051545903631067834,0.17960530202677408,1.4039374998349226,0.0,-0.48784307858137116,0.24446375441119586,0.611562649765841,0.550237984596056,-1.4338003304570464,0.10912296662865764
32,last,10,0.001,adam,0.1,32,0.28381349206349205,0.4653770148201315,1.0,0.8222222222222222,0.01584699453551914,-0.004598312451629819,0.00036615819241747643,-0.008163051343322023,-0.007796893150904559,0.02967646221532092,0.9200763434991368,1.201438770355646,0.17960530202677408,0.8561404262960213,0.0,0.23349632197470868,0.42839301358719406,-0.5388405629660376,-0.6258647739491549,-1.16397974394925,0.14904650968750385
