run_id,pooling,num_heads,lr,optimizer,dropout,hidden_dim,mean_map,mean_ndcg,mean_hr,mean_mrr,mean_coverage_ratio,mean_backward_ratio,mean_repeat_ratio,mean_progress_ratio,mean_frac_allowed_edges,mean_novelty
1,mean,2,1e-06,sgd,0.1,128,0.24012962962962964,0.41147644166851627,1.0,0.765079365079365,0.01584699453551914,-0.004520609534762896,0.00033320910030324396,-0.00812913350390375,-0.0077959244036005055,0.03864759316770187
2,mean,2,1e-05,adam,0.15,64,0.2544047619047619,0.4207114176103999,1.0,0.7861111111111112,0.01584699453551914,-0.004532164644795991,0.0003883293700948227,-0.007908600903001908,-0.007520271532907075,0.035354183919944764
3,mean,2,0.0001,adamw,0.2,32,0.22148148148148147,0.38855003267704563,1.0,0.7117460317460317,0.01584699453551914,-0.004460400612434903,0.000405903703724807,-0.007695754129656289,-0.007289850425931482,0.039956491545893716
4,mean,2,0.001,adagrad,0.25,16,0.2701507936507936,0.4299081907627074,0.9333333333333332,0.7777777777777778,0.01584699453551914,-0.004663971624205547,0.0004002776741879055,-0.008221240040346274,-0.007820962366158365,0.030261171497584526
5,mean,4,1e-06,sgd,0.15,64,0.28425396825396826,0.4624444437544188,1.0,0.8022222222222222,0.01584699453551914,-0.00478444719734822,0.0003652917314182942,-0.00838059641265405,-0.008015304681235765,0.04020645272601792
6,mean,4,1e-05,adam,0.1,128,0.250047619047619,0.4133815943210874,1.0,0.7583333333333334,0.01584699453551914,-0.00443655804475912,0.0004102281644165702,-0.00811381745671624,-0.007703589292299667,0.04708360507246377
7,mean,4,0.0001,adamw,0.25,16,0.26527910052910053,0.4438513926366511,1.0,0.8555555555555555,0.01584699453551914,-0.004360458693707084,0.00028602796345725484,-0.008109925471582964,-0.007823897508125718,0.04249372843340233
8,mean,4,0.001,adagrad,0.2,32,0.26329100529100524,0.43077812108972074,1.0,0.7844444444444445,0.01584699453551914,-0.0044398346572982125,0.00044711156499462545,-0.007736422165538358,-0.0072893106005437235,0.03191482056590751
9,mean,8,1e-06,adam,0.2,16,0.27434126984126983,0.45568726793909964,1.0,0.7984126984126985,0.01584699453551914,-0.004719524045686794,0.0003850175704489229,-0.008359939253014067,-0.00797492168256515,0.037198805210489974
10,mean,8,1e-05,sgd,0.25,32,0.31239682539682534,0.4942680023107272,1.0,0.8722222222222221,0.01584699453551914,-0.004748657492945046,0.0003733529919589623,-0.00838972163248443,-0.00801636864052546,0.036867404244306415
11,mean,8,0.0001,adagrad,0.1,64,0.25763756613756617,0.4293277360175143,1.0,0.7244444444444444,0.01584699453551914,-0.004764329678918223,0.00041151178383665805,-0.008340907184160331,-0.007929395400323674,0.04225760438233263
12,mean,8,0.001,adamw,0.15,128,0.2609417989417989,0.4314605678926692,1.0,0.7466666666666667,0.01584699453551914,-0.004618444659198822,0.00047435254224625987,-0.008153426144404261,-0.007679073602158004,0.0354104899930987
13,mean,10,1e-06,adam,0.25,32,0.28323544973544973,0.46343998237987893,1.0,0.8,0.01584699453551914,-0.00474170962599486,0.00040930157014733347,-0.008379337208445164,-0.007970035638297832,0.03909353433402345
14,mean,10,1e-05,sgd,0.2,16,0.2821296296296296,0.4541422854242156,1.0,0.7577777777777778,0.01584699453551914,-0.004731334906328934,0.0003920154246049177,-0.008335774370383358,-0.00794375894577844,0.03942367149758454
15,mean,10,0.0001,adagrad,0.15,128,0.25643650793650796,0.42944065761633227,1.0,0.768888888888889,0.01584699453551914,-0.004672039858816296,0.00042015270624443004,-0.00814210661690836,-0.007721953910663927,0.03718792270531399
16,mean,10,0.001,adamw,0.1,64,0.2578531746031746,0.4320404490399182,1.0,0.73,0.01584699453551914,-0.004602245047546782,0.0003775250056325836,-0.008009377081850125,-0.007631852076217552,0.03319107142857141
17,last,2,1e-06,adagrad,0.1,16,0.25753439153439156,0.42804096529429475,1.0,0.7655555555555555,0.01584699453551914,-0.004605713129894369,0.0003583297314369159,-0.007824694634819346,-0.007466364903382441,0.03404255089717046
18,last,2,1e-05,adamw,0.15,32,0.2782513227513227,0.45236594852707207,1.0,0.8539682539682539,0.01584699453551914,-0.0045474429175749245,0.00040473133497349287,-0.007966834183191194,-0.007562102848217699,0.03404646739130433
19,last,2,0.0001,adam,0.2,64,0.2957010582010582,0.46704543025687084,1.0,0.8539682539682539,0.01584699453551914,-0.004457975531055291,0.0002807284802961176,-0.007716678702196049,-0.007435950221899935,0.03670694444444445
20,last,2,0.001,sgd,0.25,128,0.29188624338624336,0.46944233882192987,1.0,0.8133333333333332,0.01584699453551914,-0.004609215600913036,0.0003342589035901926,-0.007863528714451116,-0.007529269810860923,0.03643341097308488
21,last,4,1e-06,adagrad,0.15,32,0.28227777777777774,0.4511624875401762,1.0,0.7222222222222222,0.01584699453551914,-0.004400268853421624,0.0004449702361129671,-0.008009602625813933,-0.007564632389700958,0.03259902950310557
22,last,4,1e-05,adamw,0.1,16,0.24772222222222223,0.43108399614678267,1.0,0.7188888888888888,0.01584699453551914,-0.004495192554811843,0.0004133959297331651,-0.008019256369123824,-0.00760586043939065,0.03173266476880608
23,last,4,0.0001,adam,0.25,128,0.2899285714285714,0.4556312548132596,1.0,0.7911111111111111,0.01584699453551914,-0.00446351796702591,0.0003813561493228966,-0.0077861030411483555,-0.007404746891825466,0.03340285973084887
24,last,4,0.001,sgd,0.2,64,0.2561375661375661,0.4328883769001829,1.0,0.7206349206349206,0.01584699453551914,-0.004430728060237253,0.00048499722292545737,-0.00783143074470748,-0.007346433521782024,0.036287150621118
25,last,8,1e-06,adamw,0.2,128,0.24428835978835975,0.4168932639534876,1.0,0.7666666666666667,0.01584699453551914,-0.004642115604615265,0.0003361096868447101,-0.00805671722071713,-0.0077206075338724185,0.02796442805383024
26,last,8,1e-05,adagrad,0.25,64,0.25737566137566137,0.43241304215978593,1.0,0.7528571428571429,0.01584699453551914,-0.004546213602934367,0.0003787225566147445,-0.008085340548702658,-0.007706617992087908,0.0316057841614907
27,last,8,0.0001,sgd,0.1,32,0.27054232804232803,0.4399300290476747,1.0,0.8333333333333334,0.01584699453551914,-0.004415604830066028,0.00035173093108964757,-0.007990814546204606,-0.0076390836151149655,0.028520367494824023
28,last,8,0.001,adam,0.15,16,0.23837301587301588,0.4055160501908598,1.0,0.7428571428571429,0.01584699453551914,-0.004654674542227316,0.0003938485904635948,-0.008137443814032525,-0.007743595223568921,0.02869491890959281
29,last,10,1e-06,adamw,0.25,64,0.26896825396825397,0.44434325096362437,1.0,0.85,0.01584699453551914,-0.004602382435479704,0.000356641573680226,-0.007970167852286734,-0.007613526278606497,0.0336304089026915
30,last,10,1e-05,adagrad,0.2,128,0.21774867724867725,0.38962201543235725,1.0,0.7055555555555555,0.01584699453551914,-0.0044901534274615984,0.0003837372573134136,-0.008018315340985415,-0.0076345780836720115,0.030072006556245666
31,last,10,0.0001,sgd,0.15,16,0.2643835978835979,0.4390462678895986,1.0,0.8484126984126984,0.01584699453551914,-0.00451374149654972,0.0003742964643274792,-0.007933683180669372,-0.00755938671634189,0.028439497066942716
32,last,10,0.001,adam,0.1,32,0.28381349206349205,0.4653770148201315,1.0,0.8222222222222222,0.01584699453551914,-0.004598312451629819,0.00036615819241747643,-0.008163051343322023,-0.007796893150904559,0.02967646221532092
