run_id,num_heads,pooling,lr,optimizer,dropout,mean_map,mean_ndcg,mean_hr,mean_mrr,mean_coverage_ratio,mean_backward_ratio,mean_repeat_ratio,mean_progress_ratio,mean_frac_allowed_edges,mean_novelty,z_mean_map,z_mean_ndcg,z_mean_hr,z_mean_mrr,z_mean_coverage_ratio,z_mean_backward_ratio,z_mean_repeat_ratio,z_mean_progress_ratio,z_mean_frac_allowed_edges,z_mean_novelty,score_combined
1,3,last,0.0001,adam,0.2,0.25893707482993195,0.43490392225790747,1.0,0.7642857142857142,0.015648286140089434,-0.0044688671564983426,0.00033004214879386586,-0.007699066933250889,-0.007369024784457032,0.028896601888449697,-0.5106007068058573,-0.23354310818843044,0.1796053020267699,-0.40301240610591543,0.0,-0.4345781112538665,0.2516151844960935,1.6255176627094041,1.5267870245919675,-0.022063965004553612,0.19797268764656117
2,5,mean,0.001,adam,0.1,0.2662471655328798,0.4441217488373996,1.0,0.8154761904761905,0.015648286140089434,-0.004465738957878,0.00046385209048182896,-0.00788295833639748,-0.0074191062459156515,0.024991902722880963,-0.08108573217306674,0.2902936031107107,0.1796053020267699,0.9968489338191341,0.0,-0.46798948507995264,-2.1346509546838113,0.4642046076706299,1.2124938113207315,-0.940056552490383,-0.048033646647923756
3,3,mean,0.001,adamw,0.2,0.2667176870748299,0.42465223742808256,1.0,0.7999999999999999,0.015648286140089434,-0.0044357430608409675,0.0003762754446346662,-0.007879201312413209,-0.007502925867778551,0.02420709815546772,-0.05343955699313626,-0.8161325960920608,0.1796053020267699,0.5736350403534203,0.0,-0.7883668813986876,-0.572874737372793,0.48793100774355713,0.686472055501209,-1.1245636668573988,-0.14277340330891203
4,2,last,1e-06,sgd,0.15,0.24139172335600903,0.4105073511859535,0.9285714285714286,0.755952380952381,0.015648286140089434,-0.004598951962954908,0.0003311310308792866,-0.008336866419276452,-0.008005735388397163,0.049092748133508994,-1.5415032632141439,-1.6199674943599796,-5.567764362830027,-0.6308968102797566,0.0,0.954819630101481,0.23219687807415063,-2.4023208166569305,-2.4689793889253604,4.726038708878082,-0.8318376919212482
5,5,last,1e-06,sgd,0.1,0.29339002267573694,0.46530866398065646,1.0,0.8595238095238095,0.015648286140089434,-0.004570621850432764,0.00034759179537630276,-0.00825555102840063,-0.007907959233024325,0.029435551163812038,1.5137321806162294,1.4943175512190046,0.1796053020267699,2.201380784452314,0.0,0.652233990603659,-0.06135204997069107,-1.888796946678113,-1.8553714558016696,0.10464270786186317,0.23403920643293663
6,3,last,0.0001,adam,0.15,0.270969387755102,0.4372500426490374,1.0,0.7797619047619049,0.015648286140089434,-0.004432996537983845,0.0002789054088678364,-0.007805656751917958,-0.007526751343050105,0.028843461791831348,0.19637527897009804,-0.10021623558967686,0.1796053020267699,0.02020148735980146,0.0,-0.8177016881160367,1.1635494504723114,0.952380442403315,0.5369519543955679,-0.034557171965049316,0.20965888199571006
7,10,last,0.001,adam,0.15,0.2516383219954648,0.43292885800458286,1.0,0.7996031746031745,0.015648286140089434,-0.004549645016083855,0.00040273860121466603,-0.007903086878561207,-0.007500348277346542,0.02367333662714096,-0.9394495085427456,-0.34578335854938524,0.1796053020267699,0.5627834020594277,0.0,0.42818656293661694,-1.0447988237753358,0.33708861206859503,0.7026480846301247,-1.2500507033005002,-0.13697704304464325
8,10,last,0.0001,adamw,0.25,0.2669501133786848,0.4453541433339351,1.0,0.7583333333333334,0.015648286140089434,-0.004712090985758241,0.00034865028444929137,-0.008219488260961154,-0.007870837976511861,0.02989108476064998,-0.039783012627144974,0.36032892808900835,0.1796053020267699,-0.5657869805158011,0.0,2.163224416363652,-0.08022835020445662,-1.6610529526051219,-1.6224118206359113,0.21173840141373232,-0.1054366068695273
10,3,last,0.0001,adam,0.1,0.2507624716553288,0.4308168285417513,1.0,0.7899659863945578,0.015648286140089434,-0.004436775644356425,0.00029665223439852664,-0.007843861361556473,-0.007547209127157935,0.0277673473869126,-0.9909113647511714,-0.46580715791636557,0.1796053020267699,0.29924361491960905,0.0,-0.777338159111915,0.8470658745316383,0.7111102624129017,0.4085662700246758,-0.2875510660178958,-0.007601642388175312
11,10,mean,0.0001,adagrad,0.2,0.2798809523809524,0.4522416603917215,1.0,0.7880952380952381,0.015648286140089434,-0.00445878883293417,0.0003130964512166194,-0.008003619353011741,-0.007690522901795121,0.03189750768555116,0.7199871751490441,0.7517372772756293,0.1796053020267699,0.24808589153364272,0.0,-0.5422217352722073,0.5538120453815327,-0.29779519999134035,-0.49081935940565224,0.683447307611285,0.18058387043087037
12,2,mean,0.0001,adagrad,0.1,0.2595521541950113,0.4259127974397606,1.0,0.7797619047619048,0.015648286140089434,-0.004596184394462914,0.0002720827318334914,-0.008070103557050566,-0.0077980208252170745,0.031773468379446654,-0.47446082720317534,-0.7444966626951635,0.1796053020267699,0.020201487359798424,0.0,0.9252600411182255,1.285219955520311,-0.7176569922394552,-1.16543760712167,0.6542857361988456,-0.003747956703551392
13,5,mean,1e-05,sgd,0.25,0.28542800453514733,0.4567343852570392,1.0,0.7797619047619048,0.015648286140089434,-0.0044574316010491805,0.0004189037378498671,-0.007949595021104622,-0.007530691283254755,0.02811865942028985,1.0459122644690741,1.007052800726232,0.1796053020267699,0.020201487359798424,0.0,-0.5567179317679151,-1.3330757462610359,0.043379867792946274,0.5122263087983617,-0.20495780367935798,0.07136265494648737
14,3,mean,1e-05,adamw,0.1,0.27927154195011333,0.4386148974275085,1.0,0.7847222222222222,0.015648286140089434,-0.0044960360465029015,0.0003026166682514733,-0.007917482840113689,-0.007614866171862221,0.027685276679841893,0.6841803819943101,-0.02265337059220929,0.1796053020267699,0.15584696603470574,0.0,-0.14439514957132754,0.74070063467633,0.24617507394410407,-0.016024973146524468,-0.30684584329676384,0.15165890220693945
16,10,last,1e-06,adam,0.15,0.2644614512471656,0.43721689585238177,1.0,0.738095238095238,0.015648286140089434,-0.004401140625093553,0.0002725784792195967,-0.007860499820591109,-0.007587921341371516,0.030541941150636773,-0.1860079632776221,-0.10209992355022159,0.1796053020267699,-1.119220533509429,0.0,-1.1579453693284356,1.276379168459745,0.6060348789962685,0.15307107775386242,0.36475437426874696,0.00145710118396844
17,5,last,0.001,adamw,0.15,0.26186507936507936,0.44077947985120847,1.0,0.8115079365079365,0.015648286140089434,-0.004534497971470507,0.0003881013428194691,-0.00788900012717948,-0.0075008987843600185,0.02538982213438735,-0.3385615564391746,0.10035694299837282,0.1796053020267699,0.8883325508792083,0.0,0.266405413029443,-0.7837689358740607,0.42604942264897283,0.6991933009006831,-0.8465059216503289,0.05911065185198857
18,2,mean,1e-05,adagrad,0.15,0.2958786848072562,0.46672122552447926,1.0,0.8035714285714286,0.015648286140089434,-0.004637041550417858,0.00040864205087009586,-0.008018774054927439,-0.007610132004057341,0.029598594642072887,1.6599571312667096,1.5745915276539726,0.1796053020267699,0.6712997849993566,0.0,1.3616433647998862,-1.1500765171918386,-0.39350034378150917,0.013684958796865695,0.14297413830884004,0.4060179346879053
19,10,mean,1e-05,adagrad,0.1,0.2623979591836734,0.43173859119439567,1.0,0.7678571428571427,0.015648286140089434,-0.004523262903102902,0.0003098591644709395,-0.00783781122531632,-0.007527952060845375,0.02897664141414141,-0.3072514303317846,-0.41342462366107186,0.1796053020267699,-0.3053476614599852,0.0,0.1464069363500359,0.6115433891560205,0.7493181507656396,0.5294166819990305,-0.0032467173305776786,0.11870200275140767
20,2,mean,0.001,sgd,0.1,0.25688208616780045,0.42968112309265133,1.0,0.7023809523809524,0.015648286140089434,-0.004694959519102823,0.0002920081322264155,-0.008097111037055217,-0.007805102904828806,0.030592226613965712,-0.6313445441880865,-0.5303477741159188,0.1796053020267699,-2.095867979968762,0.0,1.980248235474378,0.9298853094735009,-0.8882149333744088,-1.2098821878704362,0.3765764585412833,-0.18893421140016803
21,2,last,0.001,sgd,0.15,0.24244331065759633,0.40686910978286894,1.0,0.6869047619047619,0.015648286140089434,-0.004476010411831666,0.0002710599592199753,-0.007794087243362545,-0.007523027284142567,0.028693264163372863,-1.479715727119237,-1.82672386963659,0.1796053020267699,-2.5190818734344758,0.0,-0.3582830919015658,1.3034593152041036,1.025444332807549,0.5603228067303889,-0.06986855031620497,-0.3184841355639262
22,5,mean,1e-06,adamw,0.25,0.27922902494331064,0.4455388938067318,1.0,0.7817460317460319,0.015648286140089434,-0.004533893982809922,0.0003507912286059603,-0.00812298197183081,-0.007772190743224847,0.028958854852876602,0.6816822336346796,0.3708280494649844,0.1796053020267699,0.07445967882976438,0.0,0.25995438693593004,-0.11840834253154209,-1.0515953513105447,-1.0033373162764345,-0.007428327924790474,-0.06142396871511835
23,10,last,0.0001,adagrad,0.25,0.23941043083900232,0.4070988446833112,1.0,0.744047619047619,0.015648286140089434,-0.004519144556574539,0.0003629734391663099,-0.007741939338693769,-0.007378965899527454,0.028518061045234966,-1.6579169767730064,-1.8136683436207233,0.1796053020267699,-0.9564459590995403,0.0,0.10242008253912643,-0.33565674869490203,1.3547693662159421,1.464400167100529,-0.11105870528978737,-0.17735518155955918
24,5,mean,1e-05,adagrad,0.2,0.3078911564625851,0.47946541112576163,1.0,0.8452380952380952,0.015648286140089434,-0.004456834361006042,0.00028693909953647503,-0.008190686808716341,-0.00790374770917986,0.026319664031620563,2.3657673144748426,2.298826488682005,0.1796053020267699,1.810721805868581,0.0,-0.5630968778538366,1.02028263656156,-1.4791656978251144,-1.8289414491027043,-0.6279006122526917,0.3176098910579412
25,3,mean,1e-05,adagrad,0.2,0.28670634920634924,0.4616188390339514,1.0,0.7797619047619048,0.015648286140089434,-0.0046058338186592265,0.0003293225915300464,-0.007874587104114057,-0.007545264512584015,0.03134313241106719,1.1210232584820263,1.2846297523997297,0.1796053020267699,0.020201487359798424,0.0,1.028322716529226,0.26444722905267326,0.5170707078316691,0.42076997065982197,0.5531139909887778,0.5389184415330492
26,2,mean,0.0001,sgd,0.25,0.2668424036281179,0.4406265463829312,1.0,0.7923469387755101,0.015648286140089434,-0.004722254201009296,0.00040011580512824157,-0.007994822104474183,-0.007594706299345947,0.03153041282389105,-0.04611165513821387,0.0916659392808401,0.1796053020267699,0.3643534446835615,0.0,2.2717747436414144,-0.9980258455342785,-0.2422387171962037,0.11049112538054459,0.5971435111806495,0.23286578483250836
27,10,mean,1e-06,sgd,0.15,0.2975736961451247,0.4692517093050778,1.0,0.8273809523809524,0.015648286140089434,-0.0044811250038750165,0.00040904434385997295,-0.008099617182404772,-0.007690572838544803,0.028706055116381198,1.759549979204053,1.718395524202756,0.1796053020267699,1.3223980826389148,0.0,-0.3036556313506052,-1.157250708643261,-0.9040417706406537,-0.4911327444599342,-0.06686140442592228,0.20570066285521166
28,2,mean,1e-06,adam,0.2,0.2782709750566893,0.45347567484482043,1.0,0.7876984126984128,0.015648286140089434,-0.00448400836418946,0.0003863901327812115,-0.00813307855826918,-0.007746688425487971,0.03004682696530522,0.6253906239309619,0.8218646622109381,0.1796053020267699,0.23723425323965316,0.0,-0.2728593038045499,-0.7532524995031282,-1.1153574274140097,-0.8432939558403673,0.24835330652419765,-0.08723150386295345
29,2,last,0.001,sgd,0.25,0.2681547619047619,0.44285756278991695,1.0,0.7988095238095237,0.015648286140089434,-0.004491900316973172,0.00027536643844407166,-0.007746188502623349,-0.0074708220641792845,0.027406757795344752,0.03099785756243868,0.21845160696631707,0.1796053020267699,0.5410801254714425,0.0,-0.18856766613175885,1.2266607946912789,1.3279349984315607,0.8879439634202541,-0.3723254770923053,0.3851781505345997
32,3,last,1e-06,adamw,0.1,0.26453231292517004,0.4342716593368388,1.0,0.7232142857142857,0.015648286140089434,-0.004498270283890691,0.00031785200597805955,-0.007792572147300875,-0.007474720141322822,0.02933014931927974,-0.18184438267823905,-0.2694737612976848,0.1796053020267699,-1.526156969534151,0.0,-0.12053191400366947,0.4690050485538734,1.035012484477223,0.8634810353159313,0.079862793229467,0.05289596360895206
