run_id,num_heads,pooling,lr,optimizer,dropout,mean_map,mean_ndcg,mean_hr,mean_mrr,mean_coverage_ratio,mean_backward_ratio,mean_repeat_ratio,mean_progress_ratio,mean_frac_allowed_edges,mean_novelty
1,3,last,0.0001,adam,0.2,0.25893707482993195,0.43490392225790747,1.0,0.7642857142857142,0.015648286140089434,-0.0044688671564983426,0.00033004214879386586,-0.007699066933250889,-0.007369024784457032,0.028896601888449697
2,5,mean,0.001,adam,0.1,0.2662471655328798,0.4441217488373996,1.0,0.8154761904761905,0.015648286140089434,-0.004465738957878,0.00046385209048182896,-0.00788295833639748,-0.0074191062459156515,0.024991902722880963
3,3,mean,0.001,adamw,0.2,0.2667176870748299,0.42465223742808256,1.0,0.7999999999999999,0.015648286140089434,-0.0044357430608409675,0.0003762754446346662,-0.007879201312413209,-0.007502925867778551,0.02420709815546772
4,2,last,1e-06,sgd,0.15,0.24139172335600903,0.4105073511859535,0.9285714285714286,0.755952380952381,0.015648286140089434,-0.004598951962954908,0.0003311310308792866,-0.008336866419276452,-0.008005735388397163,0.049092748133508994
5,5,last,1e-06,sgd,0.1,0.29339002267573694,0.46530866398065646,1.0,0.8595238095238095,0.015648286140089434,-0.004570621850432764,0.00034759179537630276,-0.00825555102840063,-0.007907959233024325,0.029435551163812038
6,3,last,0.0001,adam,0.15,0.270969387755102,0.4372500426490374,1.0,0.7797619047619049,0.015648286140089434,-0.004432996537983845,0.0002789054088678364,-0.007805656751917958,-0.007526751343050105,0.028843461791831348
7,10,last,0.001,adam,0.15,0.2516383219954648,0.43292885800458286,1.0,0.7996031746031745,0.015648286140089434,-0.004549645016083855,0.00040273860121466603,-0.007903086878561207,-0.007500348277346542,0.02367333662714096
8,10,last,0.0001,adamw,0.25,0.2669501133786848,0.4453541433339351,1.0,0.7583333333333334,0.015648286140089434,-0.004712090985758241,0.00034865028444929137,-0.008219488260961154,-0.007870837976511861,0.02989108476064998
9,5,last,1e-05,adagrad,0.2,0.2418310657596372,0.4116443665263919,1.0,0.7761904761904761,0.015648286140089434,-0.004439001330208533,0.0004024801589993547,-0.007996733652468089,-0.0075942534934687325,0.028880544576196737
10,3,last,0.0001,adam,0.1,0.2507624716553288,0.4308168285417513,1.0,0.7899659863945578,0.015648286140089434,-0.004436775644356425,0.00029665223439852664,-0.007843861361556473,-0.007547209127157935,0.0277673473869126
11,10,mean,0.0001,adagrad,0.2,0.2798809523809524,0.4522416603917215,1.0,0.7880952380952381,0.015648286140089434,-0.00445878883293417,0.0003130964512166194,-0.008003619353011741,-0.007690522901795121,0.03189750768555116
12,2,mean,0.0001,adagrad,0.1,0.2595521541950113,0.4259127974397606,1.0,0.7797619047619048,0.015648286140089434,-0.004596184394462914,0.0002720827318334914,-0.008070103557050566,-0.0077980208252170745,0.031773468379446654
13,5,mean,1e-05,sgd,0.25,0.28542800453514733,0.4567343852570392,1.0,0.7797619047619048,0.015648286140089434,-0.0044574316010491805,0.0004189037378498671,-0.007949595021104622,-0.007530691283254755,0.02811865942028985
14,3,mean,1e-05,adamw,0.1,0.27927154195011333,0.4386148974275085,1.0,0.7847222222222222,0.015648286140089434,-0.0044960360465029015,0.0003026166682514733,-0.007917482840113689,-0.007614866171862221,0.027685276679841893
15,10,mean,0.001,adam,0.2,0.24924319727891156,0.4294472026887322,1.0,0.8115079365079365,0.015648286140089434,-0.004444018992895158,0.00046468125215271564,-0.007951956875317877,-0.007487275623165166,0.023114734299516892
16,10,last,1e-06,adam,0.15,0.2644614512471656,0.43721689585238177,1.0,0.738095238095238,0.015648286140089434,-0.004401140625093553,0.0002725784792195967,-0.007860499820591109,-0.007587921341371516,0.030541941150636773
17,5,last,0.001,adamw,0.15,0.26186507936507936,0.44077947985120847,1.0,0.8115079365079365,0.015648286140089434,-0.004534497971470507,0.0003881013428194691,-0.00788900012717948,-0.0075008987843600185,0.02538982213438735
18,2,mean,1e-05,adagrad,0.15,0.2958786848072562,0.46672122552447926,1.0,0.8035714285714286,0.015648286140089434,-0.004637041550417858,0.00040864205087009586,-0.008018774054927439,-0.007610132004057341,0.029598594642072887
19,10,mean,1e-05,adagrad,0.1,0.2623979591836734,0.43173859119439567,1.0,0.7678571428571427,0.015648286140089434,-0.004523262903102902,0.0003098591644709395,-0.00783781122531632,-0.007527952060845375,0.02897664141414141
20,2,mean,0.001,sgd,0.1,0.25688208616780045,0.42968112309265133,1.0,0.7023809523809524,0.015648286140089434,-0.004694959519102823,0.0002920081322264155,-0.008097111037055217,-0.007805102904828806,0.030592226613965712
21,2,last,0.001,sgd,0.15,0.24244331065759633,0.40686910978286894,1.0,0.6869047619047619,0.015648286140089434,-0.004476010411831666,0.0002710599592199753,-0.007794087243362545,-0.007523027284142567,0.028693264163372863
22,5,mean,1e-06,adamw,0.25,0.27922902494331064,0.4455388938067318,1.0,0.7817460317460319,0.015648286140089434,-0.004533893982809922,0.0003507912286059603,-0.00812298197183081,-0.007772190743224847,0.028958854852876602
23,10,last,0.0001,adagrad,0.25,0.23941043083900232,0.4070988446833112,1.0,0.744047619047619,0.015648286140089434,-0.004519144556574539,0.0003629734391663099,-0.007741939338693769,-0.007378965899527454,0.028518061045234966
24,5,mean,1e-05,adagrad,0.2,0.3078911564625851,0.47946541112576163,1.0,0.8452380952380952,0.015648286140089434,-0.004456834361006042,0.00028693909953647503,-0.008190686808716341,-0.00790374770917986,0.026319664031620563
25,3,mean,1e-05,adagrad,0.2,0.28670634920634924,0.4616188390339514,1.0,0.7797619047619048,0.015648286140089434,-0.0046058338186592265,0.0003293225915300464,-0.007874587104114057,-0.007545264512584015,0.03134313241106719
26,2,mean,0.0001,sgd,0.25,0.2668424036281179,0.4406265463829312,1.0,0.7923469387755101,0.015648286140089434,-0.004722254201009296,0.00040011580512824157,-0.007994822104474183,-0.007594706299345947,0.03153041282389105
27,10,mean,1e-06,sgd,0.15,0.2975736961451247,0.4692517093050778,1.0,0.8273809523809524,0.015648286140089434,-0.0044811250038750165,0.00040904434385997295,-0.008099617182404772,-0.007690572838544803,0.028706055116381198
28,2,mean,1e-06,adam,0.2,0.2782709750566893,0.45347567484482043,1.0,0.7876984126984128,0.015648286140089434,-0.00448400836418946,0.0003863901327812115,-0.00813307855826918,-0.007746688425487971,0.03004682696530522
29,2,last,0.001,sgd,0.25,0.2681547619047619,0.44285756278991695,1.0,0.7988095238095237,0.015648286140089434,-0.004491900316973172,0.00027536643844407166,-0.007746188502623349,-0.0074708220641792845,0.027406757795344752
30,5,last,1e-05,adamw,0.25,0.26931689342403625,0.434784474239036,1.0,0.755952380952381,0.015648286140089434,-0.004302949384471437,0.000322335068657393,-0.00789499517073922,-0.007572660102081826,0.02709807312252965
31,3,last,1e-06,adamw,0.25,0.2600028344671202,0.4259975973050155,1.0,0.7392857142857142,0.015648286140089434,-0.004379749855184103,0.00027976795576900034,-0.007802871150841914,-0.007523103195072917,0.026374643170838798
32,3,last,1e-06,adamw,0.1,0.26453231292517004,0.4342716593368388,1.0,0.7232142857142857,0.015648286140089434,-0.004498270283890691,0.00031785200597805955,-0.007792572147300875,-0.007474720141322822,0.02933014931927974
