model_key,model,use_pog,label,user_id,grade,map,ndcg,hr,mrr,coverage_ratio,backward_ratio,repeat_ratio,progress_ratio,frac_allowed_edges,novelty
caser_pog,caser,True,Caser (con POG),0,0,0.17083333333333334,0.3679212572135327,1.0,1.0,0.024590163934426368,0.0002689655172413985,0.00012413793103447507,0.001041379310344842,0.001165517241379338,0.08846286231884071
caser_pog,caser,True,Caser (con POG),1,0,0.09583333333333333,0.2426178552850034,1.0,0.25,0.016393442622950727,0.00011585365853659935,7.926829268292777e-05,-0.005469512195121984,-0.005390243902439085,-0.006317028985507234
caser_pog,caser,True,Caser (con POG),2,0,0.1,0.22009176629808017,1.0,1.0,0.016393442622950893,-0.008539130434782577,0.00014782608695652552,-0.016417391304347773,-0.01626956521739137,0.01064673913043468
caser_pog,caser,True,Caser (con POG),3,0,0.19714285714285712,0.3757677525932109,1.0,0.5,0.008196721311475363,-0.006711267605633772,0.00023943661971831138,-0.012753521126760536,-0.012514084507042278,-0.019399456521739022
caser_pog,caser,True,Caser (con POG),4,0,0.04523809523809523,0.15176219107803537,1.0,0.16666666666666666,0.008196721311475585,-0.008878787878787889,7.070707070706839e-05,-0.008363636363636406,-0.008292929292929296,-0.018070652173913127
caser_pog,caser,True,Caser (con POG),5,1,0.5014285714285714,0.6816808362189438,1.0,1.0,0.016393442622951004,0.00015675675675672074,7.027027027027219e-05,-0.0048702702702702605,-0.004800000000000082,-0.26566757246376815
caser_pog,caser,True,Caser (con POG),6,0,0.08333333333333333,0.22244584585522365,1.0,0.5,0.016393442622950866,0.0009019607843137323,0.00045098039215688,0.004490196078431319,0.004941176470588338,0.06380797101449276
caser_pog,caser,True,Caser (con POG),7,0,0.19999999999999998,0.3963918729015093,1.0,1.0,0.016393442622950782,0.0006666666666666488,0.0015053763440860217,0.0008817204301074244,0.002387096774193409,0.14333423913043464
caser_pog,caser,True,Caser (con POG),8,0,0.05,0.13886244387355454,1.0,0.5,0.00819672131147553,-0.009631313131313213,0.0006818181818181793,-0.003959595959596024,-0.0032777777777777684,0.017452898550724516
caser_pog,caser,True,Caser (con POG),9,0,0.10857142857142857,0.2758471541718663,1.0,0.5,0.024590163934426257,-0.015213114754098422,0.0009344262295081923,0.0024262295081966256,0.003360655737704943,0.035532608695652224
caser_pog,caser,True,Caser (con POG),10,1,0.43,0.6177639991612475,1.0,1.0,0.024590163934426368,-0.005450867052023162,6.358381502890014e-05,0.00039884393063588375,0.00046242774566473965,0.08470561594202908
caser_pog,caser,True,Caser (con POG),11,0,0.38,0.5541432109622958,1.0,1.0,0.008196721311475641,0.0004567901234568128,0.00011728395061728555,0.0006172839506173311,0.0007345679012344952,-0.0718550724637681
caser_pog,caser,True,Caser (con POG),12,0,0.027777777777777776,0.10122860821230018,1.0,0.25,0.0245901639344262,-0.018999999999999975,0.00012,0.003100000000000047,0.003220000000000056,-0.18504981884057992
caser_pog,caser,True,Caser (con POG),13,0,0.14619047619047618,0.3063365306564336,1.0,0.2,0.016393442622950782,0.00019333333333332314,5.333333333332885e-05,0.0006000000000001005,0.0006533333333333391,0.029604166666666543
caser_pog,caser,True,Caser (con POG),14,0,0.6268253968253967,0.7721596254947203,1.0,1.0,0.0,0.0,0.0,0.0,0.0,0.0
caser_pog,caser,True,Caser (con POG),15,1,0.07166666666666666,0.2114502791144043,1.0,0.16666666666666666,0.024590163934426312,0.00016935483870972323,1.6129032258067888e-05,-0.007330645161290256,-0.007314516129032278,0.06802898550724634
caser_pog,caser,True,Caser (con POG),16,1,0.3980952380952381,0.5958595188912912,1.0,1.0,0.016393442622950838,0.0010000000000000148,0.0008012048192771086,-0.005590361445783065,-0.004789156626505919,0.021791666666666765
caser_pog,caser,True,Caser (con POG),17,1,0.33999999999999997,0.5326208815196265,1.0,1.0,0.016393442622950893,-0.007823999999999956,1.6000000000009063e-05,0.0005760000000000765,0.000592000000000148,0.02895833333333342
caser_pog,caser,True,Caser (con POG),18,0,0.10416666666666666,0.2578753740644926,1.0,0.3333333333333333,0.016393442622950838,-0.004987730061349713,7.361963190184728e-05,0.0006257668711656394,0.0006993865030673896,0.03935144927536227
caser_pog,caser,True,Caser (con POG),19,1,0.3044444444444444,0.5103515512676448,1.0,1.0,0.016393442622950616,0.0004592592592592426,0.00012592592592592343,-0.006074074074074148,-0.005948148148148147,-0.003469202898550905
caser_pog,caser,True,Caser (con POG),20,0,0.10666666666666666,0.2614432242450501,1.0,0.3333333333333333,0.00819672131147553,0.0002500000000000002,1.3157894736836456e-05,-0.025736842105263058,-0.025723684210526343,-0.02466757246376816
caser_pog,caser,True,Caser (con POG),21,1,0.15,0.31488013066763093,1.0,1.0,0.008196721311475474,0.0009404761904762138,0.00033333333333333826,0.0013333333333332975,0.0016666666666667052,0.06428713768115935
caser_pog,caser,True,Caser (con POG),22,0,0.13425925925925924,0.3061707598544171,1.0,0.5,0.008196721311475391,-0.018745098039215702,0.00047058823529411153,-0.016098039215686283,-0.015627450980392116,0.06959601449275354
caser_pog,caser,True,Caser (con POG),23,0,0.11499999999999999,0.2583297509898471,1.0,0.25,0.01639344262295067,0.0013469387755102036,3.061224489796059e-05,0.0005306122448979766,0.0005612244897959529,0.07068931159420289
caser_pog,caser,True,Caser (con POG),24,1,0.19,0.38363315291837646,1.0,1.0,1.6653345369377348e-16,0.0009368421052631248,0.00024210526315789765,0.0008421052631578663,0.0010842105263157986,-0.04277626811594204
caser_pog,caser,True,Caser (con POG),25,1,0.4833333333333333,0.642186726668901,1.0,1.0,0.024590163934426257,0.000770833333333304,0.00022916666666666224,-0.03004166666666669,-0.029812499999999936,-0.025955615942028998
caser_pog,caser,True,Caser (con POG),26,0,0.275,0.4537425745411855,1.0,1.0,0.016393442622950727,0.0006607142857142645,0.0003928571428571428,-0.00797321428571418,-0.007580357142857097,0.062284420289855036
caser_pog,caser,True,Caser (con POG),27,0,0.05333333333333333,0.1635413866202963,1.0,0.2,0.024590163934426146,-0.01533333333333331,0.00042857142857142747,0.0008412698412698649,0.0012698412698412542,0.11212318840579727
caser_pog,caser,True,Caser (con POG),28,0,0.3272222222222222,0.4950940324881554,1.0,0.5,0.024590163934426146,0.00036686390532550406,0.0006331360946745593,0.0005976331360947329,0.001230769230769202,0.1362019927536231
caser_pog,caser,True,Caser (con POG),29,0,0.17083333333333334,0.3679212572135327,1.0,1.0,0.008196721311475474,0.00019801980198021207,0.00024752475247524774,-0.009396039603960293,-0.009148514851485073,0.057098731884057785
caser_pog,caser,True,Caser (con POG),30,0,0.3543650793650793,0.5645441593704201,1.0,1.0,1.6653345369377348e-16,0.00027160493827159404,0.001382716049382716,-0.011654320987654343,-0.010271604938271617,-0.018607789855072387
caser_pog,caser,True,Caser (con POG),31,1,0.1833333333333333,0.35359815335916356,1.0,0.3333333333333333,0.008196721311475252,-0.010063829787234052,9.574468085106382e-05,-0.009042553191489278,-0.008946808510638199,0.05410416666666673
caser_pog,caser,True,Caser (con POG),32,1,0.025,0.09478836436955078,1.0,0.25,0.0245901639344262,-0.007663934426229514,0.0005081967213114754,0.0006721311475408887,0.00118032786885236,0.17997282608695653
caser_pog,caser,True,Caser (con POG),33,0,0.31476190476190474,0.485813635742251,1.0,0.5,0.0,0.0002388059701492612,0.00022388059701491936,-0.026089552238805935,-0.025865671641790933,-0.042846014492753604
caser_pog,caser,True,Caser (con POG),34,1,0.32666666666666666,0.5224955967919311,1.0,1.0,0.016393442622950893,0.00033561643835615385,0.00014383561643835016,-0.013095890410958877,-0.012952054794520607,-0.01680706521739128
caser_pog,caser,True,Caser (con POG),35,0,0.6,0.727329844310522,1.0,1.0,0.016393442622950893,0.00023287671232880003,8.90410958904117e-05,0.0003698630136985681,0.00045890410958904226,0.03982155797101461
caser_pog,caser,True,Caser (con POG),36,0,0.716111111111111,0.841492960259019,1.0,1.0,-2.220446049250313e-16,0.00020689655172415056,0.00015517241379310346,-0.01662643678160919,-0.016471264367816096,-0.30722826086956534
caser_pog,caser,True,Caser (con POG),37,1,0.31714285714285717,0.5174612499126158,1.0,1.0,0.01639344262295067,0.00017164179104475763,0.0008731343283582133,0.0005298507462686564,0.0014029850746268835,-0.1405298913043479
caser_pog,caser,True,Caser (con POG),38,0,0.49833333333333324,0.6809047493604335,1.0,1.0,0.024590163934426257,-0.009198113207547154,0.0001320754716981132,-0.009009433962264113,-0.008877358490565979,0.0724710144927535
caser_pog,caser,True,Caser (con POG),39,1,0.19166666666666665,0.3436966913921454,1.0,0.5,0.024590163934426035,-0.009402912621359227,0.0005825242718446588,0.0007184466019417024,0.0013009708737863335,0.059427536231884126
caser_pog,caser,True,Caser (con POG),40,0,0.08666666666666667,0.22979561007468535,1.0,0.2,0.016393442622950782,0.00021794871794869608,2.5641025641030823e-05,-0.012461538461538413,-0.012435897435897403,0.06360960144927541
caser_pog,caser,True,Caser (con POG),41,0,0.42642857142857143,0.6122496142821665,1.0,1.0,0.024590163934426368,-0.01021505376344091,0.00012903225806451708,0.0018709677419353477,0.0019999999999998908,-0.026983695652173956
caser_pog,caser,True,Caser (con POG),42,0,0.19166666666666665,0.3436966913921454,1.0,0.5,0.024590163934426146,0.0006000000000000172,0.0001764705882352941,0.0009294117647059008,0.0011058823529411788,0.08386684782608689
caser_pog,caser,True,Caser (con POG),43,0,0.25,0.4636440365082036,1.0,1.0,0.016393442622950782,0.0005818181818181833,0.00034545454545455156,-0.01638181818181822,-0.016036363636363682,0.08328170289855064
caser_pog,caser,True,Caser (con POG),44,0,0.03333333333333333,0.11004588314904008,1.0,0.3333333333333333,0.024590163934426174,0.0007586206896551817,0.00015517241379310346,-0.03177586206896563,-0.03162068965517251,0.3242916666666667
caser_pog,caser,True,Caser (con POG),45,0,0.27166666666666667,0.4288398090337664,1.0,0.5,0.01639344262295095,0.00041304347826083554,0.0003913043478260842,-0.009597826086956529,-0.009206521739130447,0.03318478260869551
caser_pog,caser,True,Caser (con POG),46,0,0.06666666666666667,0.16958010263680806,1.0,0.3333333333333333,0.016393442622950782,-0.03225925925925925,0.0016666666666666666,-0.031851851851851964,-0.030185185185185204,0.01401630434782608
caser_pog,caser,True,Caser (con POG),47,0,0.0,0.0,0.0,0.0,0.024590163934426243,0.0012000000000000066,0.001125,-0.021425000000000027,-0.020299999999999985,-0.024776268115942024
caser_nopog,caser,False,Caser (sin POG),0,0,0.125,0.28952298823485745,1.0,1.0,0.024590163934426368,0.00012413793103452364,0.00015862068965516798,0.0006482758620689755,0.0008068965517241677,0.10351358695652191
caser_nopog,caser,False,Caser (sin POG),1,0,0.25666666666666665,0.4721567066247473,1.0,1.0,0.016393442622950727,0.000585365853658551,6.707317073170824e-05,-0.005646341463414639,-0.0055792682926829595,-0.022447463768116016
caser_nopog,caser,False,Caser (sin POG),2,0,0.05,0.13886244387355454,1.0,0.5,0.016393442622950893,-0.00838260869565216,0.00020000000000000573,-0.015434782608695574,-0.015234782608695707,-0.016263586956521858
caser_nopog,caser,False,Caser (sin POG),3,0,0.32666666666666666,0.542042305486879,1.0,1.0,0.008196721311475363,-0.00681690140845069,8.450704225352289e-05,-0.012739436619718325,-0.01265492957746478,-0.017097826086956425
caser_nopog,caser,False,Caser (sin POG),4,0,0.039285714285714285,0.14279514403613733,1.0,0.14285714285714285,0.008196721311475585,-0.00897979797979799,5.050505050504736e-05,-0.008131313131313211,-0.008080808080808077,-0.02967300724637678
caser_nopog,caser,False,Caser (sin POG),5,1,0.3155555555555556,0.5357086937004182,1.0,1.0,0.016393442622951004,0.00032432432432430436,0.00014054054054053744,-0.004675675675675728,-0.00453513513513526,-0.2799655797101448
caser_nopog,caser,False,Caser (sin POG),6,0,0.18518518518518517,0.35256832412172806,1.0,1.0,0.016393442622950866,0.0014901960784313856,0.0009019607843137323,0.004725490196078375,0.00562745098039219,0.06565579710144931
caser_nopog,caser,False,Caser (sin POG),7,0,0.07222222222222222,0.2051166673279436,1.0,0.5,0.016393442622950782,0.0004516129032258037,0.00011827956989247312,0.0009462365591396682,0.0010645161290321337,0.15345108695652165
caser_nopog,caser,False,Caser (sin POG),8,0,0.0365079365079365,0.13961814555374907,1.0,0.14285714285714285,0.00819672131147553,-0.009050505050505087,0.0007121212121212125,-0.0037222222222222656,-0.0030101010101009906,0.010051630434782521
caser_nopog,caser,False,Caser (sin POG),9,0,0.3,0.4690000933206748,1.0,1.0,0.024590163934426257,-0.015508196721311526,0.00031147540983606295,0.0025245901639343593,0.00283606557377053,0.03180797101449284
caser_nopog,caser,False,Caser (sin POG),10,1,0.45,0.6274092458891772,1.0,1.0,0.024590163934426368,-0.00534104046242781,0.00013294797687861144,0.0005317919075145672,0.0006647398843930286,0.07902536231884061
caser_nopog,caser,False,Caser (sin POG),11,0,0.4105555555555555,0.6051399156371955,1.0,1.0,0.008196721311475641,0.0003580246913580526,0.00023456790123456764,0.00060493827160496,0.0008395061728394548,-0.09184782608695663
caser_nopog,caser,False,Caser (sin POG),12,0,0.027777777777777776,0.10122860821230018,1.0,0.25,0.0245901639344262,-0.018859999999999974,0.00012,0.0032200000000001117,0.003340000000000065,-0.1971277173913044
caser_nopog,caser,False,Caser (sin POG),13,0,0.20714285714285713,0.38541299932114065,1.0,0.5,0.016393442622950782,0.00028000000000000247,4.666666666666708e-05,0.0006800000000000694,0.0007266666666666532,0.032640398550724536
caser_nopog,caser,False,Caser (sin POG),14,0,0.5940476190476189,0.7542686714597936,1.0,1.0,0.0,0.0,0.0,0.0,0.0,0.0
caser_nopog,caser,False,Caser (sin POG),15,1,0.05833333333333333,0.17947710508581735,1.0,0.3333333333333333,0.024590163934426312,0.0003467741935484353,0.0,-0.0075322580645160175,-0.0075322580645161286,0.06494655797101445
caser_nopog,caser,False,Caser (sin POG),16,1,0.4714285714285714,0.6371523797895856,1.0,1.0,0.016393442622950838,0.0010240963855421836,0.0006265060240963861,-0.005734939759035995,-0.005108433734939688,0.02632427536231885
caser_nopog,caser,False,Caser (sin POG),17,1,0.38,0.5541432109622958,1.0,1.0,0.016393442622950893,-0.007679999999999951,5.600000000001437e-05,0.0007360000000000977,0.0007920000000001259,0.024605072463768196
caser_nopog,caser,False,Caser (sin POG),18,0,0.11607142857142856,0.28165758790969186,1.0,0.5,0.016393442622950838,-0.004975460122699393,8.588957055215632e-05,0.0006748466257668617,0.0007607361963188897,0.030699275362318756
caser_nopog,caser,False,Caser (sin POG),19,1,0.35,0.5384313152574521,1.0,1.0,0.016393442622950616,0.00042962962962962703,0.00014074074074073815,-0.006192592592592611,-0.006051851851851808,-0.003657608695652237
caser_nopog,caser,False,Caser (sin POG),20,0,0.3716666666666667,0.5736899196572436,1.0,1.0,0.00819672131147553,0.0006447368421052674,5.26315789473597e-05,-0.025263157894736765,-0.025210526315789517,-0.0014538043478261597
caser_nopog,caser,False,Caser (sin POG),21,1,0.15,0.31488013066763093,1.0,1.0,0.008196721311475474,0.0007738095238095377,0.00027380952380953033,0.001119047619047575,0.0013928571428571956,0.06966394927536224
caser_nopog,caser,False,Caser (sin POG),22,0,0.2518518518518518,0.4308966511814451,1.0,0.5,0.008196721311475391,-0.018725490196078443,-6.938893903907228e-18,-0.017941176470588238,-0.017941176470588183,0.0684900362318841
caser_nopog,caser,False,Caser (sin POG),23,0,0.14952380952380953,0.32542886242602714,1.0,0.3333333333333333,0.01639344262295067,0.0013469387755102036,7.142857142857298e-05,0.0006224489795918497,0.0006938775510204054,0.06527355072463781
caser_nopog,caser,False,Caser (sin POG),24,1,0.18,0.37850091886658266,1.0,1.0,1.6653345369377348e-16,0.0007263157894736583,0.00041052631578947923,0.0011578947368420245,0.0015684210526315523,-0.046832427536231847
caser_nopog,caser,False,Caser (sin POG),25,1,0.4833333333333333,0.642186726668901,1.0,1.0,0.024590163934426257,0.0007500000000000007,0.00021874999999998979,-0.03013541666666672,-0.02991666666666659,-0.02524184782608696
caser_nopog,caser,False,Caser (sin POG),26,0,0.275,0.4537425745411855,1.0,1.0,0.016393442622950727,0.0006785714285714173,0.0004196428571428571,-0.007946428571428521,-0.007526785714285611,0.061735507246376775
caser_nopog,caser,False,Caser (sin POG),27,0,0.11190476190476191,0.27848058942730364,1.0,0.5,0.024590163934426146,-0.015460317460317438,0.00042857142857142747,0.0008730158730158866,0.0013015873015873036,0.11535326086956521
caser_nopog,caser,False,Caser (sin POG),28,0,0.35583333333333333,0.5631102580041939,1.0,1.0,0.024590163934426146,0.00026627218934918706,0.0006627218934911264,0.00044378698224856183,0.0011065088757396258,0.1380144927536231
caser_nopog,caser,False,Caser (sin POG),29,0,0.18285714285714286,0.3785988060390612,1.0,1.0,0.008196721311475474,0.00021782178217821802,0.00024752475247524774,-0.00935643564356431,-0.009108910891089006,0.0571865942028984
caser_nopog,caser,False,Caser (sin POG),30,0,0.4041666666666666,0.6015720654566381,1.0,1.0,1.6653345369377348e-16,0.00027160493827159404,0.0013333333333333333,-0.01182716049382726,-0.010493827160493852,-0.0005507246376811326
caser_nopog,caser,False,Caser (sin POG),31,1,0.15499999999999997,0.3219505391887988,1.0,0.25,0.008196721311475252,-0.01018085106382978,0.00011702127659574468,-0.008957446808510516,-0.008840425531914803,0.054014492753623244
caser_nopog,caser,False,Caser (sin POG),32,1,0.02,0.08514311764162098,1.0,0.2,0.0245901639344262,-0.0075573770491803235,0.0003524590163934426,0.0008934426229507131,0.0012459016393441824,0.19754528985507247
caser_nopog,caser,False,Caser (sin POG),33,0,0.36476190476190473,0.5670429581667766,1.0,1.0,0.0,0.00043283582089552464,0.0002238805970149211,-0.025701492537313464,-0.02547761194029846,-0.036848731884057906
caser_nopog,caser,False,Caser (sin POG),34,1,0.29333333333333333,0.4936790360674166,1.0,1.0,0.016393442622950893,0.00028767123287672114,0.00013013698630136294,-0.01307534246575337,-0.012945205479452104,-0.019987318840579693
caser_nopog,caser,False,Caser (sin POG),35,0,0.5857142857142856,0.7222954974312066,1.0,1.0,0.016393442622950893,0.0002260273972603255,6.1643835616439e-05,0.0009383561643835359,0.0010000000000000564,0.032249094202898565
caser_nopog,caser,False,Caser (sin POG),36,0,0.716111111111111,0.841492960259019,1.0,1.0,-2.220446049250313e-16,0.00028735632183909954,0.00015517241379310343,-0.016603448275862076,-0.01644827586206893,-0.30680797101449275
caser_nopog,caser,False,Caser (sin POG),37,1,0.17333333333333334,0.3468533046962179,1.0,0.3333333333333333,0.01639344262295067,0.0001716417910447715,0.0015671641791044806,0.000611940298507474,0.0021791044776118818,-0.14341847826086962
caser_nopog,caser,False,Caser (sin POG),38,0,0.505,0.6835381846158709,1.0,1.0,0.024590163934426257,-0.009056603773584901,0.00011320754716981132,-0.009009433962264113,-0.0088962264150943,0.07126358695652169
caser_nopog,caser,False,Caser (sin POG),39,1,0.19166666666666665,0.3436966913921454,1.0,0.5,0.024590163934426035,-0.009393203883495155,0.0005825242718446588,0.0007087378640776576,0.0012912621359222332,0.05979166666666669
caser_nopog,caser,False,Caser (sin POG),40,0,0.1425,0.31298349214690074,1.0,0.25,0.016393442622950782,0.00014102564102561055,7.692307692308206e-05,-0.012320512820512747,-0.012243589743589717,0.05219293478260878
caser_nopog,caser,False,Caser (sin POG),41,0,0.2816666666666666,0.4885468020156227,1.0,1.0,0.024590163934426368,-0.010053763440860258,0.00020430107526881597,0.0021505376344085336,0.002354838709677398,-0.027357789855072534
caser_nopog,caser,False,Caser (sin POG),42,0,0.19166666666666665,0.3436966913921454,1.0,0.5,0.024590163934426146,0.0006000000000000033,0.0001764705882352941,0.0010117647058823231,0.0011882352941176566,0.08403260869565221
caser_nopog,caser,False,Caser (sin POG),43,0,0.1661904761904762,0.33798414482679834,1.0,0.3333333333333333,0.016393442622950782,0.000745454545454563,0.0005090909090909139,-0.014872727272727315,-0.014363636363636412,0.08504710144927541
caser_nopog,caser,False,Caser (sin POG),44,0,0.03333333333333333,0.11004588314904008,1.0,0.3333333333333333,0.024590163934426174,0.0006724137931034824,0.0001206896551724138,-0.03212068965517251,-0.03200000000000011,0.32081340579710144
caser_nopog,caser,False,Caser (sin POG),45,0,0.27166666666666667,0.4288398090337664,1.0,0.5,0.01639344262295095,0.0004239130434782329,0.0003913043478260825,-0.009586956521739187,-0.00919565217391305,0.0332572463768116
caser_nopog,caser,False,Caser (sin POG),46,0,0.04,0.13120507751234178,1.0,0.2,0.016393442622950782,-0.03277777777777778,0.0002962962962962963,-0.03329629629629638,-0.03300000000000003,0.01216847826086953
caser_nopog,caser,False,Caser (sin POG),47,0,0.0,0.0,0.0,0.0,0.024590163934426243,0.0011249999999999871,0.0007250000000000001,-0.021525000000000016,-0.02079999999999993,-0.023041666666666738
grurec_pog,grurec,True,GRU4Rec (con POG),0,0,0.18333333333333332,0.38113435412202,1.0,1.0,0.024590163934426368,0.00020000000000003348,0.0001448275862068922,0.000675862068965527,0.0008206896551724574,0.08933786231884078
grurec_pog,grurec,True,GRU4Rec (con POG),1,0,0.17666666666666667,0.3340514446642156,1.0,0.5,0.016393442622950727,0.0003780487804878052,9.146341463414729e-05,-0.0052865853658536355,-0.005195121951219517,-0.0026730072463768684
grurec_pog,grurec,True,GRU4Rec (con POG),2,0,0.016666666666666666,0.07839826897867533,1.0,0.16666666666666666,0.016393442622950893,-0.008478260869565185,8.695652173915103e-06,-0.015973913043478172,-0.01596521739130441,-0.006296195652174097
grurec_pog,grurec,True,GRU4Rec (con POG),3,0,0.39166666666666666,0.5957616317188126,1.0,1.0,0.008196721311475363,-0.006697183098591519,7.042253521126907e-05,-0.012690140845070419,-0.012619718309859196,-0.02154166666666657
grurec_pog,grurec,True,GRU4Rec (con POG),4,0,0.03666666666666667,0.14201905717762703,1.0,0.16666666666666666,0.008196721311475585,-0.00883838383838384,4.040404040403858e-05,-0.008434343434343461,-0.008393939393939454,-0.02869112318840572
grurec_pog,grurec,True,GRU4Rec (con POG),5,1,0.35500000000000004,0.5072380780124418,1.0,0.5,0.016393442622951004,0.00014594594594591337,5.4054054054057665e-05,-0.004891891891891931,-0.004837837837837922,-0.27332246376811586
grurec_pog,grurec,True,GRU4Rec (con POG),6,0,0.2222222222222222,0.38334277998463445,1.0,1.0,0.016393442622950866,0.0008431372549019683,0.0020392156862745064,0.004705882352941115,0.006745098039215747,0.06902173913043474
grurec_pog,grurec,True,GRU4Rec (con POG),7,0,0.09619047619047619,0.23690530871965634,1.0,0.2,0.016393442622950782,0.00039784946236558205,0.0011827956989247312,0.0006989247311826596,0.0018817204301074253,0.13492663043478248
grurec_pog,grurec,True,GRU4Rec (con POG),8,0,0.10833333333333332,0.27454788926472085,1.0,0.5,0.00819672131147553,-0.009227272727272778,0.0007222222222222213,-0.0039848484848485355,-0.003262626262626217,0.0019755434782607884
grurec_pog,grurec,True,GRU4Rec (con POG),9,0,0.3416666666666667,0.5321408435198608,1.0,1.0,0.024590163934426257,-0.01555737704918038,0.00016393442622950408,0.0020819672131146827,0.0022459016393442943,0.0349067028985508
grurec_pog,grurec,True,GRU4Rec (con POG),10,1,0.36666666666666664,0.5473983622993502,1.0,1.0,0.024590163934426368,-0.005630057803468258,4.046242774566333e-05,0.000381502890173524,0.0004219653179191041,0.055337862318840636
grurec_pog,grurec,True,GRU4Rec (con POG),11,0,0.4405555555555555,0.6530488081313035,1.0,1.0,0.008196721311475641,0.0003209876543210158,6.172839506175115e-06,0.0002592592592593479,0.00026543209876539464,-0.0679764492753624
grurec_pog,grurec,True,GRU4Rec (con POG),12,0,0.027777777777777776,0.10122860821230018,1.0,0.25,0.0245901639344262,-0.01937999999999998,2e-05,0.0012400000000000744,0.0012600000000000944,-0.18871014492753624
grurec_pog,grurec,True,GRU4Rec (con POG),13,0,0.2583333333333333,0.4220949603708207,1.0,0.5,0.016393442622950782,0.0003066666666666773,0.00011333333333333334,0.0008933333333334126,0.0010066666666666557,0.02032065217391299
grurec_pog,grurec,True,GRU4Rec (con POG),14,0,0.745436507936508,0.8512360941594274,1.0,1.0,0.0,0.0,0.0,0.0,0.0,0.0
grurec_pog,grurec,True,GRU4Rec (con POG),15,1,0.0665079365079365,0.2032389337527008,1.0,0.14285714285714285,0.024590163934426312,0.00016935483870972323,0.0,-0.006612903225806377,-0.006612903225806432,0.05634601449275345
grurec_pog,grurec,True,GRU4Rec (con POG),16,1,0.49309523809523814,0.6785038377365556,1.0,1.0,0.016393442622950838,0.0003192771084337409,0.0007771084337349415,-0.005493975903614334,-0.004716867469879427,0.02644021739130431
grurec_pog,grurec,True,GRU4Rec (con POG),17,1,0.3708333333333333,0.5727555047321237,1.0,1.0,0.016393442622950893,-0.007671999999999943,0.0001920000000000116,0.0009600000000000719,0.001152000000000153,0.015492753623188471
grurec_pog,grurec,True,GRU4Rec (con POG),18,0,0.19285714285714287,0.388244052766991,1.0,1.0,0.016393442622950838,-0.005184049079754616,0.00014723926380368763,0.0005337423312883338,0.0006809815950919451,0.023510869565217307
grurec_pog,grurec,True,GRU4Rec (con POG),19,1,0.275,0.4537425745411855,1.0,1.0,0.016393442622950616,0.00021481481481480658,3.703703703703421e-05,-0.006777777777777799,-0.006740740740740714,-0.010304347826087024
grurec_pog,grurec,True,GRU4Rec (con POG),20,0,0.2816666666666666,0.4885468020156227,1.0,1.0,0.00819672131147553,0.0002500000000000002,1.3157894736839926e-05,-0.0258026315789473,-0.02578947368421053,-0.023322463768115864
grurec_pog,grurec,True,GRU4Rec (con POG),21,1,0.125,0.28952298823485745,1.0,1.0,0.008196721311475474,0.0005595238095238292,0.00020238095238095735,0.0011666666666666214,0.0013690476190476863,0.10059057971014485
grurec_pog,grurec,True,GRU4Rec (con POG),22,0,0.30185185185185187,0.4579766441086708,1.0,0.5,0.008196721311475391,-0.018960784313725526,0.00047058823529411153,-0.01560784313725494,-0.015137254901960717,0.06916123188405798
grurec_pog,grurec,True,GRU4Rec (con POG),23,0,0.16527777777777777,0.34051969290975714,1.0,0.3333333333333333,0.01639344262295067,0.0015510204081632673,7.142857142857124e-05,0.0007551020408163578,0.0008265306122449134,0.0597871376811594
grurec_pog,grurec,True,GRU4Rec (con POG),24,1,0.15,0.31488013066763093,1.0,1.0,1.6653345369377348e-16,0.0005052631578947031,9.473684210526898e-05,0.0009052631578946868,0.0010000000000000564,-0.05259782608695651
grurec_pog,grurec,True,GRU4Rec (con POG),25,1,0.43555555555555553,0.6203974344166848,1.0,1.0,0.024590163934426257,0.0005104166666666521,2.083333333333104e-05,-0.03059375000000003,-0.03057291666666656,-0.016463768115941968
grurec_pog,grurec,True,GRU4Rec (con POG),26,0,0.24166666666666664,0.424926013816671,1.0,1.0,0.016393442622950727,0.00031249999999999334,0.00011607142857142857,-0.008053571428571327,-0.007937499999999875,0.10275543478260873
grurec_pog,grurec,True,GRU4Rec (con POG),27,0,0.17666666666666667,0.3340514446642156,1.0,0.5,0.024590163934426146,-0.01528571428571425,0.00030158730158730274,0.001333333333333353,0.0016349206349206558,0.11633876811594202
grurec_pog,grurec,True,GRU4Rec (con POG),28,0,0.4225,0.6293644814585829,1.0,1.0,0.024590163934426146,0.00034319526627224484,0.0007751479289940834,0.0008402366863905775,0.0016153846153846019,0.13526811594202892
grurec_pog,grurec,True,GRU4Rec (con POG),29,0,0.1595238095238095,0.3222722491219547,1.0,0.5,0.008196721311475474,0.0001287128712871427,0.0002772277227722775,-0.008900990099009853,-0.00862376237623752,0.0546557971014493
grurec_pog,grurec,True,GRU4Rec (con POG),30,0,0.4714285714285714,0.6371523797895856,1.0,1.0,1.6653345369377348e-16,0.00041975308641975517,0.0012345679012345679,-0.012197530864197559,-0.010962962962963063,-0.00024456521739124604
grurec_pog,grurec,True,GRU4Rec (con POG),31,1,0.17619047619047618,0.3476293915547282,1.0,0.3333333333333333,0.008196721311475252,-0.010265957446808513,0.00010638297872340424,-0.008946808510638199,-0.008840425531914775,0.050557971014492775
grurec_pog,grurec,True,GRU4Rec (con POG),32,1,0.04722222222222222,0.1610425878239398,1.0,0.25,0.0245901639344262,-0.007688524590163941,0.00010655737704918033,0.0008852459016392977,0.0009918032786884745,0.18444474637681152
grurec_pog,grurec,True,GRU4Rec (con POG),33,0,0.4,0.5637884576902256,1.0,1.0,0.0,0.0011194029850746245,0.00035820895522387444,-0.02428358208955217,-0.023925373134328243,-0.034265398550724524
grurec_pog,grurec,True,GRU4Rec (con POG),34,1,0.24166666666666664,0.424926013816671,1.0,1.0,0.016393442622950893,0.0004109589041095957,0.00034931506849314453,-0.012705479452054774,-0.012356164383561685,-0.004505434782608675
grurec_pog,grurec,True,GRU4Rec (con POG),35,0,0.7254365079365078,0.8415908474314976,1.0,1.0,0.016393442622950893,0.0005616438356164655,0.00023972602739726068,0.0009999999999999454,0.0012397260273972477,0.03466757246376806
grurec_pog,grurec,True,GRU4Rec (con POG),36,0,0.5075000000000001,0.7026305163854645,1.0,1.0,-2.220446049250313e-16,0.00031034482758621196,5.747126436781609e-05,-0.01646551724137929,-0.01640804597701151,-0.30266213768115957
grurec_pog,grurec,True,GRU4Rec (con POG),37,1,0.31,0.513528549750033,1.0,1.0,0.01639344262295067,0.00023880597014923344,0.0009179104477612006,0.0008731343283582271,0.0017910447761194104,-0.14055525362318844
grurec_pog,grurec,True,GRU4Rec (con POG),38,0,0.3964285714285714,0.5617131059245698,1.0,0.5,0.024590163934426257,-0.009198113207547154,0.00010377358490566039,-0.00829245283018859,-0.008188679245282937,0.0619284420289854
grurec_pog,grurec,True,GRU4Rec (con POG),39,1,0.3,0.5067837010870873,1.0,1.0,0.024590163934426035,-0.009519417475728181,0.0006310679611650476,0.0009951456310679507,0.0016262135922329168,0.05285507246376819
grurec_pog,grurec,True,GRU4Rec (con POG),40,0,0.3113095238095238,0.48649183542828267,1.0,0.5,0.016393442622950782,0.00038461538461537215,0.00015384615384615719,-0.011128205128205088,-0.010974358974358916,0.055463768115942114
grurec_pog,grurec,True,GRU4Rec (con POG),41,0,0.29333333333333333,0.4760705018418426,1.0,0.5,0.024590163934426368,-0.010526881720430148,0.00025806451612903243,0.0024838709677418302,0.0027419354838709165,-0.02539221014492754
grurec_pog,grurec,True,GRU4Rec (con POG),42,0,0.18333333333333332,0.38113435412202,1.0,1.0,0.024590163934426146,0.0007058823529411812,0.0003411764705882353,0.0021999999999999797,0.002541176470588269,0.07742119565217398
grurec_pog,grurec,True,GRU4Rec (con POG),43,0,0.2988095238095238,0.49828993591603105,1.0,1.0,0.016393442622950782,0.0006727272727272832,0.0004909090909090939,-0.01554545454545464,-0.015054545454545487,0.09304619565217387
grurec_pog,grurec,True,GRU4Rec (con POG),44,0,0.1,0.22009176629808017,1.0,1.0,0.024590163934426174,0.0006551724137931203,1.7241379310344828e-05,-0.03148275862068975,-0.031465517241379415,0.3310778985507246
grurec_pog,grurec,True,GRU4Rec (con POG),45,0,0.29166666666666663,0.49435723575344825,1.0,1.0,0.01639344262295095,0.00051086956521737,0.0002065217391304299,-0.009119565217391323,-0.008913043478260885,0.03355797101449265
grurec_pog,grurec,True,GRU4Rec (con POG),46,0,0.0,0.0,0.0,0.0,0.016393442622950782,-0.03574074074074075,0.0004074074074074074,-0.028185185185185202,-0.027777777777777846,0.028091485507246383
grurec_pog,grurec,True,GRU4Rec (con POG),47,0,0.0,0.0,0.0,0.0,0.024590163934426243,0.001574999999999993,0.0008,-0.021275000000000044,-0.02047500000000002,-0.0317608695652174
grurec_nopog,grurec,False,GRU4Rec (sin POG),0,0,0.12333333333333334,0.2735872697693364,1.0,0.3333333333333333,0.024590163934426368,0.00015172413793104744,8.965517241378562e-05,0.00044137931034485267,0.0005310344827586522,0.09080978260869577
grurec_nopog,grurec,False,GRU4Rec (sin POG),1,0,0.33999999999999997,0.5326208815196265,1.0,1.0,0.016393442622950727,0.0002621951219512475,9.146341463414642e-05,-0.005445121951219545,-0.005353658536585371,-0.02685960144927535
grurec_nopog,grurec,False,GRU4Rec (sin POG),2,0,0.014285714285714285,0.07336392209936005,1.0,0.14285714285714285,0.016393442622950893,-0.008469565217391284,7.826086956521511e-05,-0.01590434782608685,-0.015826086956521823,-0.02474094202898558
grurec_nopog,grurec,False,GRU4Rec (sin POG),3,0,0.30436507936507934,0.48331483694589444,1.0,0.5,0.008196721311475363,-0.006676056338028161,0.0002183098591549311,-0.012267605633802858,-0.012049295774647861,-0.027569746376811533
grurec_nopog,grurec,False,GRU4Rec (sin POG),4,0,0.12333333333333334,0.29025978496956456,1.0,0.5,0.008196721311475585,-0.008585858585858586,0.0002424242424242419,-0.008020202020201983,-0.007777777777777772,-0.03761322463768124
grurec_nopog,grurec,False,GRU4Rec (sin POG),5,1,0.5247619047619048,0.7097402150304354,1.0,1.0,0.016393442622951004,0.00039459459459456614,8.108108108107956e-05,-0.004259459459459436,-0.004178378378378367,-0.28400090579710147
grurec_nopog,grurec,False,GRU4Rec (sin POG),6,0,0.2222222222222222,0.38334277998463445,1.0,1.0,0.016393442622950866,0.000509803921568637,0.0023137254901960808,0.0033921568627450216,0.005705882352941283,0.07515760869565202
grurec_nopog,grurec,False,GRU4Rec (sin POG),7,0,0.10666666666666666,0.2614432242450501,1.0,0.3333333333333333,0.016393442622950782,0.00043010752688170395,0.0011612903225806455,0.0008279569892472027,0.001989247311827813,0.12586050724637676
grurec_nopog,grurec,False,GRU4Rec (sin POG),8,0,0.05333333333333333,0.1736666713479918,1.0,0.3333333333333333,0.00819672131147553,-0.00937878787878793,0.0005555555555555522,-0.004202020202020262,-0.00364646464646462,0.015852355072463742
grurec_nopog,grurec,False,GRU4Rec (sin POG),9,0,0.19285714285714287,0.388244052766991,1.0,1.0,0.024590163934426257,-0.01540983606557382,0.00011475409836065112,0.002836065573770391,0.0029508196721311775,0.035317934782608806
grurec_nopog,grurec,False,GRU4Rec (sin POG),10,1,0.3416666666666667,0.5321408435198608,1.0,1.0,0.024590163934426368,-0.005439306358381579,3.468208092485391e-05,0.0006936416184972205,0.00072832369942194,0.07953532608695657
grurec_nopog,grurec,False,GRU4Rec (sin POG),11,0,0.36,0.5771493379489847,1.0,1.0,0.008196721311475641,0.00023456790123458499,0.0001358024691358005,0.0006790123456790753,0.0008148148148146572,-0.07816938405797114
grurec_nopog,grurec,False,GRU4Rec (sin POG),12,0,0.027777777777777776,0.10122860821230018,1.0,0.25,0.0245901639344262,-0.01959999999999998,0.0002,0.0009400000000001074,0.0011400000000000854,-0.17991032608695667
grurec_nopog,grurec,False,GRU4Rec (sin POG),13,0,0.35,0.5384313152574521,1.0,1.0,0.016393442622950782,0.0002466666666666728,7.333333333333497e-05,0.0006200000000000649,0.0006933333333333791,0.03267210144927535
grurec_nopog,grurec,False,GRU4Rec (sin POG),14,0,0.7532142857142856,0.8553475075669357,1.0,1.0,0.0,0.0,0.0,0.0,0.0,0.0
grurec_nopog,grurec,False,GRU4Rec (sin POG),15,1,0.0919047619047619,0.24703059344735182,1.0,0.3333333333333333,0.024590163934426312,0.0003306451612903605,5.645161290322026e-05,-0.00666935483870959,-0.006612903225806432,0.07461684782608691
grurec_nopog,grurec,False,GRU4Rec (sin POG),16,1,0.43,0.6177639991612475,1.0,1.0,0.016393442622950838,0.0007048192771084427,0.0007710843373493984,-0.005632530120481816,-0.0048614457831324676,0.004875000000000074
grurec_nopog,grurec,False,GRU4Rec (sin POG),17,1,0.39166666666666666,0.5957616317188126,1.0,1.0,0.016393442622950893,-0.007823999999999956,9.600000000001968e-05,0.0006000000000000727,0.000696000000000141,0.012717391304347903
grurec_nopog,grurec,False,GRU4Rec (sin POG),18,0,0.05833333333333333,0.17947710508581735,1.0,0.3333333333333333,0.016393442622950838,-0.005042944785276088,1.840490797546529e-05,0.0006012269938650283,0.0006196319018403895,0.027001811594202896
grurec_nopog,grurec,False,GRU4Rec (sin POG),19,1,0.3044444444444444,0.5103515512676448,1.0,1.0,0.016393442622950616,0.00021481481481480658,2.9629629629626848e-05,-0.006970370370370432,-0.0069407407407407196,-0.007986413043478358
grurec_nopog,grurec,False,GRU4Rec (sin POG),20,0,0.21666666666666665,0.39673781793804724,1.0,0.5,0.00819672131147553,0.0006184210526315875,0.00021052631578947004,-0.024565789473684096,-0.02435526315789477,-0.01809239130434792
grurec_nopog,grurec,False,GRU4Rec (sin POG),21,1,0.13999999999999999,0.30523488393970116,1.0,1.0,0.008196721311475474,0.0005595238095238292,0.00025000000000000716,0.001226190476190464,0.0014761904761905198,0.07443115942028977
grurec_nopog,grurec,False,GRU4Rec (sin POG),22,0,0.4444444444444444,0.6020941629041773,1.0,1.0,0.008196721311475391,-0.01841176470588235,0.00047058823529411153,-0.01405882352941179,-0.013588235294117595,0.06511775362318839
grurec_nopog,grurec,False,GRU4Rec (sin POG),23,0,0.1425,0.31298349214690074,1.0,0.25,0.01639344262295067,0.0013265306122448861,0.00010204081632653357,0.0006632653061224847,0.0007653061224490165,0.0664193840579711
grurec_nopog,grurec,False,GRU4Rec (sin POG),24,1,0.2828571428571428,0.4959389204699464,1.0,1.0,1.6653345369377348e-16,0.0002526315789473377,4.2105263157902334e-05,0.0009052631578946868,0.0009473684210526412,-0.041282608695652034
grurec_nopog,grurec,False,GRU4Rec (sin POG),25,1,0.33214285714285713,0.5271064966405455,1.0,1.0,0.024590163934426257,0.0007604166666666523,-6.938893903907228e-18,-0.030427083333333355,-0.03042708333333327,-0.007153985507246441
grurec_nopog,grurec,False,GRU4Rec (sin POG),26,0,0.33999999999999997,0.5326208815196265,1.0,1.0,0.016393442622950727,0.0015267857142856889,0.0002857142857142857,-0.007821428571428535,-0.007535714285714201,0.06313677536231876
grurec_nopog,grurec,False,GRU4Rec (sin POG),27,0,0.08555555555555557,0.23992089480238082,1.0,0.3333333333333333,0.024590163934426146,-0.015476190476190463,0.0002063492063492066,0.0010158730158730256,0.0012222222222222356,0.1167563405797103
grurec_nopog,grurec,False,GRU4Rec (sin POG),28,0,0.24861111111111106,0.44821456061271264,1.0,0.5,0.024590163934426146,0.00021893491124264086,0.00014201183431952757,0.0007633136094675197,0.000905325443786964,0.13992572463768105
grurec_nopog,grurec,False,GRU4Rec (sin POG),29,0,0.275,0.4537425745411855,1.0,1.0,0.008196721311475474,0.0002475247524752616,6.930693069306937e-05,-0.007653465346534577,-0.007584158415841508,0.06557971014492747
grurec_nopog,grurec,False,GRU4Rec (sin POG),30,0,0.488095238095238,0.6749359875559983,1.0,1.0,1.6653345369377348e-16,0.0002962962962962945,0.0015185185185185184,-0.011296296296296304,-0.00977777777777783,-0.010913949275362378
grurec_nopog,grurec,False,GRU4Rec (sin POG),31,1,0.09523809523809523,0.24966402870278917,1.0,0.3333333333333333,0.008196721311475252,-0.010351063829787246,1.0638297872340426e-05,-0.009117021276595638,-0.009106382978723293,0.05369202898550729
grurec_nopog,grurec,False,GRU4Rec (sin POG),32,1,0.06999999999999999,0.20248323207250624,1.0,0.5,0.0245901639344262,-0.007540983606557375,0.00013114754098360657,0.0006639344262293623,0.0007950819672130072,0.191605072463768
grurec_nopog,grurec,False,GRU4Rec (sin POG),33,0,0.4175,0.6083169141195838,1.0,1.0,0.0,0.000611940298507474,0.0003880597014925321,-0.024582089552238784,-0.0241940298507462,-0.03283514492753625
grurec_nopog,grurec,False,GRU4Rec (sin POG),34,1,0.27666666666666667,0.48471198902551854,1.0,1.0,0.016393442622950893,0.00045205479452055386,0.0002534246575342375,-0.01267123287671229,-0.012417808219178095,-0.023155797101449327
grurec_nopog,grurec,False,GRU4Rec (sin POG),35,0,0.549047619047619,0.7059054020403313,1.0,1.0,0.016393442622950893,0.00047260273972601907,2.0547945205479957e-05,0.00028767123287665175,0.0003082191780821586,0.047812500000000036
grurec_nopog,grurec,False,GRU4Rec (sin POG),36,0,0.716547619047619,0.8389574121760602,1.0,1.0,-2.220446049250313e-16,0.0003965517241379529,8.045977011494253e-05,-0.01631609195402295,-0.016235632183908,-0.3102961956521739
grurec_nopog,grurec,False,GRU4Rec (sin POG),37,1,0.2375,0.42838543210841196,1.0,1.0,0.01639344262295067,0.0004850746268656586,0.000992537313432837,0.0010671641791044628,0.0020597014925373136,-0.1405860507246378
grurec_nopog,grurec,False,GRU4Rec (sin POG),38,0,0.35583333333333333,0.532877640254568,1.0,0.5,0.024590163934426257,-0.008773584905660367,0.0002641509433962264,-0.008150943396226407,-0.007886792452830194,0.06786865942028975
grurec_nopog,grurec,False,GRU4Rec (sin POG),39,1,0.26,0.46945447024602915,1.0,1.0,0.024590163934426035,-0.009640776699029158,0.0010339805825242705,0.0008543689320388292,0.0018883495145630147,0.05800000000000005
grurec_nopog,grurec,False,GRU4Rec (sin POG),40,0,0.27166666666666667,0.4288398090337664,1.0,0.5,0.016393442622950782,0.00030769230769227274,0.00012820512820513157,-0.011064102564102535,-0.010935897435897401,0.06895199275362329
grurec_nopog,grurec,False,GRU4Rec (sin POG),41,0,0.3944444444444445,0.5988751049740155,1.0,1.0,0.024590163934426368,-0.010279569892473167,0.0002258064516129036,0.0024946236559138524,0.0027204301075268167,-0.020456521739130484
grurec_nopog,grurec,False,GRU4Rec (sin POG),42,0,0.31714285714285717,0.5174612499126158,1.0,1.0,0.024590163934426146,0.0005764705882353033,4.705882352941177e-05,0.001670588235294146,0.0017176470588234904,0.08691938405797106
grurec_nopog,grurec,False,GRU4Rec (sin POG),43,0,0.26964285714285713,0.45484422125791796,1.0,0.5,0.016393442622950782,0.0007090909090909231,0.00030909090909091164,-0.013618181818181863,-0.013309090909090937,0.07451539855072464
grurec_nopog,grurec,False,GRU4Rec (sin POG),44,0,0.03333333333333333,0.11004588314904008,1.0,0.3333333333333333,0.024590163934426174,0.0012241379310345135,0.0002586206896551724,-0.03039655172413802,-0.03013793103448284,0.29564130434782604
grurec_nopog,grurec,False,GRU4Rec (sin POG),45,0,0.3083333333333333,0.5033242827953464,1.0,1.0,0.01639344262295095,0.0007499999999999729,0.00036956521739130166,-0.00941304347826094,-0.009043478260869542,0.03133423913043465
grurec_nopog,grurec,False,GRU4Rec (sin POG),46,0,0.06666666666666667,0.16958010263680806,1.0,0.3333333333333333,0.016393442622950782,-0.03240740740740741,0.0007407407407407407,-0.0334814814814815,-0.03274074074074074,0.008355978260869534
grurec_nopog,grurec,False,GRU4Rec (sin POG),47,0,0.0,0.0,0.0,0.0,0.024590163934426243,0.001574999999999993,0.0010750000000000002,-0.02135000000000009,-0.020275000000000043,-0.03727445652173911
sasrec_pog,sasrec,True,SASRec (con POG),0,0,0.14999999999999997,0.31516255047698366,1.0,0.5,0.024590163934426368,6.20689655172757e-05,0.0001034482758620614,0.0005310344827586244,0.0006344827586207136,0.09814673913043503
sasrec_pog,sasrec,True,SASRec (con POG),1,0,0.3,0.4690000933206748,1.0,1.0,0.016393442622950727,0.00014634146341464815,4.878048780487983e-05,-0.005414634146341524,-0.005365853658536646,-0.01368840579710151
sasrec_pog,sasrec,True,SASRec (con POG),2,0,0.0,0.0,0.0,0.0,0.016393442622950893,-0.008391304347826062,3.469446951953614e-18,-0.01603478260869562,-0.01603478260869573,-0.011328804347826016
sasrec_pog,sasrec,True,SASRec (con POG),3,0,0.22666666666666666,0.3971921948634016,1.0,0.5,0.008196721311475363,-0.006845070422535182,1.4084507042254682e-05,-0.012922535211267627,-0.012908450704225416,-0.010116847826086794
sasrec_pog,sasrec,True,SASRec (con POG),4,0,0.15416666666666665,0.31833954895937183,1.0,0.5,0.008196721311475585,-0.008525252525252519,0.00034343434343434356,-0.008282828282828336,-0.007939393939393913,-0.033394927536231855
sasrec_pog,sasrec,True,SASRec (con POG),5,1,0.4574999999999999,0.6214011939609386,1.0,0.5,0.016393442622951004,0.0001891891891891706,6.486486486486503e-05,-0.005021621621621619,-0.004956756756756886,-0.27104710144927546
sasrec_pog,sasrec,True,SASRec (con POG),6,0,0.2222222222222222,0.38334277998463445,1.0,1.0,0.016393442622950866,0.001078431372549024,0.00043137254901962074,0.005372549019607764,0.005803921568627579,0.06725996376811605
sasrec_pog,sasrec,True,SASRec (con POG),7,0,0.07222222222222222,0.2051166673279436,1.0,0.5,0.016393442622950782,0.0007634408602150422,0.00011827956989247312,0.0010215053763440451,0.0011397849462365106,0.15696648550724623
sasrec_pog,sasrec,True,SASRec (con POG),8,0,0.05333333333333333,0.1736666713479918,1.0,0.3333333333333333,0.00819672131147553,-0.009419191919191966,0.0005909090909090899,-0.004181818181818203,-0.003590909090909089,0.011960144927536165
sasrec_pog,sasrec,True,SASRec (con POG),9,0,0.05,0.13886244387355454,1.0,0.5,0.024590163934426257,-0.015524590163934482,0.0001311475409835998,0.0031639344262294478,0.0032950819672131204,0.06957065217391323
sasrec_pog,sasrec,True,SASRec (con POG),10,1,0.42269841269841263,0.6405914129030109,1.0,1.0,0.024590163934426368,-0.0055433526011560985,9.826589595375579e-05,0.0005433526011561773,0.0006416184971098082,0.07253713768115944
sasrec_pog,sasrec,True,SASRec (con POG),11,0,0.4714285714285714,0.6371523797895856,1.0,1.0,0.008196721311475641,0.00038888888888891776,3.703703703703681e-05,0.0006296296296296466,0.0006666666666665932,-0.07271195652173912
sasrec_pog,sasrec,True,SASRec (con POG),12,0,0.037037037037037035,0.11752277470724268,1.0,0.3333333333333333,0.0245901639344262,-0.01939999999999996,0.00012,0.0020000000000000573,0.0021200000000000663,-0.1911639492753624
sasrec_pog,sasrec,True,SASRec (con POG),13,0,0.23333333333333334,0.42520843362602373,1.0,1.0,0.016393442622950782,9.999999999998899e-05,4.666666666666361e-05,0.0006533333333333946,0.0007000000000000339,0.028457427536231816
sasrec_pog,sasrec,True,SASRec (con POG),14,0,0.5433333333333332,0.7058075148678526,1.0,1.0,0.0,0.0,0.0,0.0,0.0,0.0
sasrec_pog,sasrec,True,SASRec (con POG),15,1,0.04722222222222222,0.1610425878239398,1.0,0.25,0.024590163934426312,0.0003870967741935877,4.032258064515931e-05,-0.0065161290322579835,-0.006475806451612887,0.06716666666666671
sasrec_pog,sasrec,True,SASRec (con POG),16,1,0.6,0.727329844310522,1.0,1.0,0.016393442622950838,0.0003915662650602475,0.0006867469879518065,-0.005499999999999894,-0.004813253012048102,0.03794202898550725
sasrec_pog,sasrec,True,SASRec (con POG),17,1,0.40630952380952373,0.6216966993238303,1.0,1.0,0.016393442622950893,-0.007503999999999969,6.400000000001543e-05,0.0008160000000000667,0.0008800000000001029,0.016159420289855175
sasrec_pog,sasrec,True,SASRec (con POG),18,0,0.1,0.23365080824310533,1.0,0.5,0.016393442622950838,-0.005294478527607366,0.00010429447852761467,0.00039263803680983367,0.0004969325153373894,0.015993659420289852
sasrec_pog,sasrec,True,SASRec (con POG),19,1,0.29,0.5009732673492616,1.0,1.0,0.016393442622950616,0.0003037037037037088,0.00011851851851851607,-0.0067259259259259685,-0.006607407407407395,-0.00916394927536246
sasrec_pog,sasrec,True,SASRec (con POG),20,0,0.2863095238095238,0.47010174003740723,1.0,0.5,0.00819672131147553,0.00046052631578948067,0.00015789473684209993,-0.02476315789473671,-0.024605263157894797,-0.021499999999999964
sasrec_pog,sasrec,True,SASRec (con POG),21,1,0.15,0.31488013066763093,1.0,1.0,0.008196721311475474,0.0005595238095238292,0.00020238095238095735,0.0009761904761904361,0.0011785714285714732,0.06208061594202885
sasrec_pog,sasrec,True,SASRec (con POG),22,0,0.23280423280423276,0.41831713703396145,1.0,0.5,0.008196721311475391,-0.018901960784313748,0.0005490196078431313,-0.015274509803921588,-0.014725490196078383,0.06843025362318844
sasrec_pog,sasrec,True,SASRec (con POG),23,0,0.15499999999999997,0.3219505391887988,1.0,0.25,0.01639344262295067,0.0012653061224489892,5.102040816326592e-05,0.0005714285714286116,0.0006224489795919053,0.058953804347826044
sasrec_pog,sasrec,True,SASRec (con POG),24,1,0.19666666666666666,0.39375843764607193,1.0,1.0,1.6653345369377348e-16,0.00024210526315786296,6.31578947368483e-05,0.0006315789473683164,0.0006947368421053035,-0.05355797101449278
sasrec_pog,sasrec,True,SASRec (con POG),25,1,0.36944444444444446,0.5836175861945262,1.0,1.0,0.024590163934426257,0.001041666666666663,0.00023958333333332082,-0.029468750000000016,-0.02922916666666661,-0.030175724637681145
sasrec_pog,sasrec,True,SASRec (con POG),26,0,0.1595238095238095,0.3222722491219547,1.0,0.5,0.016393442622950727,0.000776785714285716,0.000375,-0.008053571428571327,-0.007678571428571368,0.07845199275362325
sasrec_pog,sasrec,True,SASRec (con POG),27,0,0.05,0.16421958630632802,1.0,0.25,0.024590163934426146,-0.015507936507936484,0.00030158730158730274,0.001190476190476214,0.001492063492063489,0.11572916666666677
sasrec_pog,sasrec,True,SASRec (con POG),28,0,0.3583333333333333,0.5669450709942981,1.0,1.0,0.024590163934426146,0.00022485207100597648,0.0006153846153846183,0.00037869822485209204,0.0009940828402366375,0.14676721014492755
sasrec_pog,sasrec,True,SASRec (con POG),29,0,0.19666666666666666,0.39375843764607193,1.0,1.0,0.008196721311475474,0.00016831683168319622,0.00012871287128712883,-0.009346534653465272,-0.009217821782178143,0.06806793478260853
sasrec_pog,sasrec,True,SASRec (con POG),30,0,0.5,0.6489315753318465,1.0,1.0,1.6653345369377348e-16,0.00020987654320987759,0.0012345679012345679,-0.011728395061728403,-0.010493827160493852,0.011170289855072402
sasrec_pog,sasrec,True,SASRec (con POG),31,1,0.11666666666666665,0.2835149363066189,1.0,0.5,0.008196721311475252,-0.010085106382978729,4.2553191489361704e-05,-0.008925531914893536,-0.008882978723404156,0.0665389492753623
sasrec_pog,sasrec,True,SASRec (con POG),32,1,0.016666666666666666,0.07839826897867533,1.0,0.16666666666666666,0.0245901639344262,-0.007614754098360661,0.0003606557377049181,0.00039344262295071264,0.0007540983606557083,0.1995896739130435
sasrec_pog,sasrec,True,SASRec (con POG),33,0,0.4705555555555555,0.6687607038361472,1.0,1.0,0.0,0.001238805970149262,0.00032835820895522026,-0.024507462686567172,-0.0241791044776119,-0.043952898550724595
sasrec_pog,sasrec,True,SASRec (con POG),34,1,0.355,0.5388856921828065,1.0,1.0,0.016393442622950893,0.00028767123287672114,9.589041095889664e-05,-0.013253424657534207,-0.013157534246575397,-0.0015987318840580134
sasrec_pog,sasrec,True,SASRec (con POG),35,0,0.6557142857142857,0.7859162856301584,1.0,1.0,0.016393442622950893,0.0005890410958904191,0.00015753424657534258,0.0010205479452054522,0.0011780821917808382,0.033306159420289916
sasrec_pog,sasrec,True,SASRec (con POG),36,0,0.619047619047619,0.7695261902392829,1.0,1.0,-2.220446049250313e-16,0.00021839080459773452,0.00012643678160919542,-0.01690229885057465,-0.016775862068965475,-0.27685688405797104
sasrec_pog,sasrec,True,SASRec (con POG),37,1,0.15666666666666665,0.3347092591719316,1.0,0.3333333333333333,0.01639344262295067,0.0003134328358208871,0.0008507462686567178,0.0007089552238805918,0.0015597014925373132,-0.14664583333333348
sasrec_pog,sasrec,True,SASRec (con POG),38,0,0.37797619047619047,0.5527460588826717,1.0,0.5,0.024590163934426257,-0.008943396226415073,0.00029245283018867926,-0.008188679245282993,-0.007896226415094298,0.07542572463768105
sasrec_pog,sasrec,True,SASRec (con POG),39,1,0.31714285714285717,0.5370079586075637,1.0,1.0,0.024590163934426035,-0.009504854368932086,0.0010679611650485426,0.0009951456310679507,0.0020631067961164318,0.06507427536231902
sasrec_pog,sasrec,True,SASRec (con POG),40,0,0.22055555555555556,0.39401519638101345,1.0,0.25,0.016393442622950782,0.00025641025641022497,7.692307692308206e-05,-0.012064102564102536,-0.011987179487179478,0.05525181159420289
sasrec_pog,sasrec,True,SASRec (con POG),41,0,0.4291666666666666,0.6168295842361274,1.0,1.0,0.024590163934426368,-0.010602150537634455,0.00012903225806451708,0.0020645161290321346,0.002193548387096733,-0.01477536231884069
sasrec_pog,sasrec,True,SASRec (con POG),42,0,0.16,0.3187939258847263,1.0,0.5,0.024590163934426146,0.0004588235294117754,0.00014117647058823528,0.0008000000000000229,0.0009411764705882231,0.08867300724637672
sasrec_pog,sasrec,True,SASRec (con POG),43,0,0.3480952380952381,0.5517854393872873,1.0,1.0,0.016393442622950782,0.0003636363636363854,0.0006545454545454597,-0.013709090909090949,-0.013054545454545485,0.08790942028985516
sasrec_pog,sasrec,True,SASRec (con POG),44,0,0.025,0.09478836436955078,1.0,0.25,0.024590163934426174,0.0009655172413793461,0.0002931034482758621,-0.029913793103448355,-0.029620689655172477,0.28898007246376817
sasrec_pog,sasrec,True,SASRec (con POG),45,0,0.2988095238095238,0.49828993591603105,1.0,1.0,0.01639344262295095,0.00030434782608691757,0.00024999999999999675,-0.0095326086956522,-0.009282608695652173,0.03674818840579708
sasrec_pog,sasrec,True,SASRec (con POG),46,0,0.0,0.0,0.0,0.0,0.016393442622950782,-0.0362962962962963,0.000925925925925926,-0.033222222222222264,-0.03229629629629638,0.00371376811594204
sasrec_pog,sasrec,True,SASRec (con POG),47,0,0.0,0.0,0.0,0.0,0.024590163934426243,0.0012749999999999984,0.00055,-0.021174999999999944,-0.020625000000000004,-0.026565217391304352
sasrec_nopog,sasrec,False,SASRec (sin POG),0,0,0.05,0.16421958630632802,1.0,0.25,0.024590163934426368,0.0002620689655172814,8.275862068964773e-05,0.00048275862068966613,0.0005655172413793486,0.09169021739130445
sasrec_nopog,sasrec,False,SASRec (sin POG),1,0,0.275,0.4537425745411855,1.0,1.0,0.016393442622950727,0.00037195121951220933,6.707317073170824e-05,-0.005548780487804883,-0.005481707317073259,-0.003479166666666589
sasrec_nopog,sasrec,False,SASRec (sin POG),2,0,0.0,0.0,0.0,0.0,0.016393442622950893,-0.008260869565217377,2.608695652174184e-05,-0.015565217391304287,-0.015539130434782666,-0.02005434782608706
sasrec_nopog,sasrec,False,SASRec (sin POG),3,0,0.17333333333333334,0.3468533046962179,1.0,0.3333333333333333,0.008196721311475363,-0.006739436619718278,5.633802816901526e-05,-0.013035211267605595,-0.012978873239436639,-0.011523550724637621
sasrec_nopog,sasrec,False,SASRec (sin POG),4,0,0.06666666666666667,0.1884441521277154,1.0,0.3333333333333333,0.008196721311475585,-0.008696969696969703,0.00010101010101010166,-0.0081313131313131,-0.008030303030302999,-0.017745471014492753
sasrec_nopog,sasrec,False,SASRec (sin POG),5,1,0.3726984126984127,0.5837154733670049,1.0,1.0,0.016393442622951004,0.00010270270270269777,8.108108108107956e-05,-0.005108108108108078,-0.00502702702702712,-0.2623460144927535
sasrec_nopog,sasrec,False,SASRec (sin POG),6,0,0.18518518518518517,0.35256832412172806,1.0,1.0,0.016393442622950866,0.0014313725490196216,3.9215686274518546e-05,0.004647058823529282,0.004686274509804023,0.06488496376811592
sasrec_nopog,sasrec,False,SASRec (sin POG),7,0,0.075,0.2082936658103318,1.0,0.5,0.016393442622950782,0.0004731182795698896,0.0003548387096774193,0.001010752688171912,0.001365591397849364,0.1406059782608694
sasrec_nopog,sasrec,False,SASRec (sin POG),8,0,0.03666666666666667,0.14201905717762703,1.0,0.16666666666666666,0.00819672131147553,-0.009368686868686943,0.0005707070707070688,-0.004146464646464676,-0.0035757575757575377,0.021542572463768006
sasrec_nopog,sasrec,False,SASRec (sin POG),9,0,0.3083333333333333,0.5033242827953464,1.0,1.0,0.024590163934426257,-0.015737704918032835,0.00011475409836065112,0.002114754098360594,0.0022295081967213526,0.039730978260869576
sasrec_nopog,sasrec,False,SASRec (sin POG),10,1,0.4175,0.6083169141195838,1.0,1.0,0.024590163934426368,-0.005462427745664772,0.00015028901734103883,0.0010289017341041373,0.0011791907514450695,0.08098278985507257
sasrec_nopog,sasrec,False,SASRec (sin POG),11,0,0.49809523809523804,0.684383072597662,1.0,1.0,0.008196721311475641,0.0002777777777778004,8.641975308642039e-05,0.00045679012345689607,0.0005432098765431603,-0.08249547101449284
sasrec_nopog,sasrec,False,SASRec (sin POG),12,0,0.022222222222222223,0.09092803061897883,1.0,0.2,0.0245901639344262,-0.019699999999999954,0.00032,0.0019000000000000683,0.0022200000000001108,-0.18797554347826106
sasrec_nopog,sasrec,False,SASRec (sin POG),13,0,0.20444444444444443,0.38504814933911535,1.0,0.5,0.016393442622950782,0.0002466666666666728,0.0,0.00029333333333342315,0.00029333333333336764,0.028473731884057996
sasrec_nopog,sasrec,False,SASRec (sin POG),14,0,0.691547619047619,0.8236998933965709,1.0,1.0,0.0,0.0,0.0,0.0,0.0,0.0
sasrec_nopog,sasrec,False,SASRec (sin POG),15,1,0.08607142857142858,0.22793826167775827,1.0,0.2,0.024590163934426312,0.0003790322580645711,0.00012903225806451535,-0.007499999999999896,-0.0073709677419354636,0.06180253623188392
sasrec_nopog,sasrec,False,SASRec (sin POG),16,1,0.5857142857142856,0.7222954974312066,1.0,1.0,0.016393442622950838,0.00028313253012049455,0.0012108433734939767,-0.0057228915662649316,-0.004512048192770957,0.035914855072463725
sasrec_nopog,sasrec,False,SASRec (sin POG),17,1,0.36666666666666664,0.5473983622993502,1.0,1.0,0.016393442622950893,-0.007767999999999942,2.4000000000017063e-05,0.0007200000000000817,0.0007440000000001334,0.006250000000000089
sasrec_nopog,sasrec,False,SASRec (sin POG),18,0,0.1433333333333333,0.28997736516021183,1.0,0.3333333333333333,0.016393442622950838,-0.00517177914110431,0.00012269938650307302,0.0005644171779141116,0.0006871165644171118,0.015206521739130507
sasrec_nopog,sasrec,False,SASRec (sin POG),19,1,0.19,0.38363315291837646,1.0,1.0,0.016393442622950616,0.00037037037037036813,0.00022962962962962737,-0.005733333333333396,-0.005503703703703677,-0.0036041666666667416
sasrec_nopog,sasrec,False,SASRec (sin POG),20,0,0.2863095238095238,0.47010174003740723,1.0,0.5,0.00819672131147553,0.0005000000000000004,0.00011842105263156974,-0.02424999999999994,-0.02413157894736845,-0.008269927536231902
sasrec_nopog,sasrec,False,SASRec (sin POG),21,1,0.19285714285714287,0.388244052766991,1.0,1.0,0.008196721311475474,0.0006309523809523987,0.00014285714285714943,0.000642857142857084,0.000785714285714334,0.06384692028985506
sasrec_nopog,sasrec,False,SASRec (sin POG),22,0,0.19104938271604938,0.38412963719528304,1.0,0.5,0.008196721311475391,-0.01878431372549022,0.0005490196078431313,-0.013803921568627475,-0.013254901960784271,0.06293297101449269
sasrec_nopog,sasrec,False,SASRec (sin POG),23,0,0.12083333333333332,0.2742654694553681,1.0,0.3333333333333333,0.01639344262295067,0.0015918367346938744,8.163265306122651e-05,0.0010102040816327151,0.001091836734693874,0.07440670289855078
sasrec_nopog,sasrec,False,SASRec (sin POG),24,1,0.22999999999999998,0.42257499837058643,1.0,1.0,1.6653345369377348e-16,0.00066315789473681,9.473684210527245e-05,0.0009157894736841476,0.0010105263157894617,-0.048692028985507174
sasrec_nopog,sasrec,False,SASRec (sin POG),25,1,0.3071428571428571,0.5107164012496701,1.0,1.0,0.024590163934426257,0.0006458333333333177,0.00028124999999998984,-0.03001041666666668,-0.029729166666666612,-0.023283514492753454
sasrec_nopog,sasrec,False,SASRec (sin POG),26,0,0.17666666666666667,0.3340514446642156,1.0,0.5,0.016393442622950727,0.0014107142857142652,7.142857142857142e-05,-0.008142857142857063,-0.008071428571428507,0.06632789855072452
sasrec_nopog,sasrec,False,SASRec (sin POG),27,0,0.10666666666666666,0.2614432242450501,1.0,0.3333333333333333,0.024590163934426146,-0.015063492063492043,0.0004603174603174595,0.0018571428571429183,0.002317460317460329,0.11972554347826103
sasrec_nopog,sasrec,False,SASRec (sin POG),28,0,0.2595238095238095,0.4729327934832575,1.0,1.0,0.024590163934426146,0.00017159763313617793,0.0006153846153846183,0.0002958579881657264,0.0009112426035502719,0.1446856884057971
sasrec_nopog,sasrec,False,SASRec (sin POG),29,0,0.275,0.4537425745411855,1.0,1.0,0.008196721311475474,0.0003069306930693211,0.0002277227722772262,-0.009376237623762301,-0.009148514851485073,0.0696240942028985
sasrec_nopog,sasrec,False,SASRec (sin POG),30,0,0.3480952380952381,0.5517854393872873,1.0,1.0,1.6653345369377348e-16,0.000592592592592589,0.0013333333333333333,-0.011345679012345733,-0.01001234567901238,-0.00367753623188416
sasrec_nopog,sasrec,False,SASRec (sin POG),31,1,0.21000000000000002,0.40002324830925196,1.0,1.0,0.008196721311475252,-0.010202127659574484,1.0638297872340426e-05,-0.009053191489361623,-0.009042553191489278,0.0675317028985507
sasrec_nopog,sasrec,False,SASRec (sin POG),32,1,0.014285714285714285,0.07336392209936005,1.0,0.14285714285714285,0.0245901639344262,-0.007590163934426235,0.00036885245901639344,0.0005163934426228867,0.0008852459016392977,0.1742690217391305
sasrec_nopog,sasrec,False,SASRec (sin POG),33,0,0.3322222222222222,0.5509662124799075,1.0,1.0,0.0,0.00032835820895522894,0.0002238805970149211,-0.02547761194029846,-0.025253731343283514,-0.03304257246376796
sasrec_nopog,sasrec,False,SASRec (sin POG),34,1,0.1552777777777778,0.33087444618182743,1.0,0.3333333333333333,0.016393442622950893,0.00031506849315068863,0.00010273972602739198,-0.013226027397260226,-0.013123287671232942,-0.009267210144927485
sasrec_nopog,sasrec,False,SASRec (sin POG),35,0,0.575,0.7183627972686238,1.0,1.0,0.016393442622950893,0.00025342465753425136,9.589041095890444e-05,0.000575342465753359,0.0006712328767122799,0.04143840579710156
sasrec_nopog,sasrec,False,SASRec (sin POG),36,0,0.569047619047619,0.715550648768261,1.0,1.0,-2.220446049250313e-16,0.00022988505747129073,0.0001839080459770115,-0.01668390804597697,-0.016500000000000015,-0.2879157608695653
sasrec_nopog,sasrec,False,SASRec (sin POG),37,1,0.2816666666666666,0.4885468020156227,1.0,1.0,0.01639344262295067,0.00029850746268654527,0.0008358208955223899,0.0004179104477612383,0.0012537313432835484,-0.13077898550724631
sasrec_nopog,sasrec,False,SASRec (sin POG),38,0,0.549047619047619,0.7059054020403313,1.0,1.0,0.024590163934426257,-0.009141509433962247,0.0001320754716981132,-0.00830188679245275,-0.008169811320754672,0.07325362318840578
sasrec_nopog,sasrec,False,SASRec (sin POG),39,1,0.19166666666666665,0.3436966913921454,1.0,0.5,0.024590163934426035,-0.009500000000000036,0.0005485436893203867,0.0006407766990291219,0.0011893203883494574,0.061123188405797224
sasrec_nopog,sasrec,False,SASRec (sin POG),40,0,0.35642857142857143,0.5111707781750245,1.0,0.3333333333333333,0.016393442622950782,0.0002948717948717816,2.5641025641030823e-05,-0.012051282051282003,-0.012025641025640965,0.05997101449275366
sasrec_nopog,sasrec,False,SASRec (sin POG),41,0,0.38916666666666666,0.5919268187287083,1.0,1.0,0.024590163934426368,-0.010397849462365633,0.00017204301075268713,0.00174193548387086,0.0019139784946236027,-0.014734601449275297
sasrec_nopog,sasrec,False,SASRec (sin POG),42,0,0.08333333333333333,0.21726071285222986,1.0,0.5,0.024590163934426146,0.0004235294117647115,0.0004117647058823529,0.0016941176470587904,0.0021058823529411796,0.09287047101449275
sasrec_nopog,sasrec,False,SASRec (sin POG),43,0,0.16777777777777778,0.3398414932237254,1.0,0.3333333333333333,0.016393442622950782,0.0006000000000000172,9.090909090909288e-05,-0.016618181818181865,-0.01652727272727278,0.0935552536231884
sasrec_nopog,sasrec,False,SASRec (sin POG),44,0,0.025,0.09478836436955078,1.0,0.25,0.024590163934426174,0.0003793103448276325,0.0,-0.03208620689655184,-0.03208620689655184,0.3291358695652174
sasrec_nopog,sasrec,False,SASRec (sin POG),45,0,0.2595238095238095,0.4729327934832575,1.0,1.0,0.01639344262295095,0.000586956521739096,0.0005108695652173874,-0.009489130434782667,-0.008978260869565213,0.033274456521739104
sasrec_nopog,sasrec,False,SASRec (sin POG),46,0,0.0,0.0,0.0,0.0,0.016393442622950782,-0.03511111111111111,0.00048148148148148144,-0.0314444444444445,-0.03096296296296297,0.011124094202898505
sasrec_nopog,sasrec,False,SASRec (sin POG),47,0,0.0,0.0,0.0,0.0,0.024590163934426243,0.0017250000000000043,0.0004,-0.02147499999999991,-0.021074999999999955,-0.012683876811594108
